onset	duration	trial_type	value	sample
0.009765625	0.0	button_press	2	5
0.18359375	0.0	button_press	2	94
0.2890625	0.0	button_press	2	148
0.400390625	0.0	button_press	2	205
0.439453125	0.0	button_press	2	225
0.501953125	0.0	button_press	2	257
0.671875	0.0	button_press	2	344
0.755859375	0.0	button_press	2	387
0.78125	0.0	button_press	2	400
0.828125	0.0	button_press	2	424
1.052734375	0.0	button_press	2	539
1.12109375	0.0	button_press	2	574
1.244140625	0.0	button_press	2	637
1.29296875	0.0	button_press	2	662
1.396484375	0.0	button_press	2	715
1.625	0.0	button_press	2	832
1.72265625	0.0	button_press	2	882
2.0390625	0.0	button_press	2	1044
2.501953125	0.0	button_press	2	1281
2.578125	0.0	button_press	2	1320
2.6875	0.0	button_press	2	1376
2.755859375	0.0	button_press	2	1411
2.849609375	0.0	button_press	2	1459
2.970703125	0.0	button_press	2	1521
3.0546875	0.0	button_press	2	1564
3.1640625	0.0	button_press	2	1620
3.22265625	0.0	button_press	2	1650
3.3359375	0.0	button_press	2	1708
3.4453125	0.0	button_press	2	1764
3.72265625	0.0	button_press	2	1906
3.74609375	0.0	button_press	2	1918
3.849609375	0.0	button_press	2	1971
3.9140625	0.0	button_press	2	2004
4.072265625	0.0	button_press	2	2085
4.12109375	0.0	button_press	2	2110
4.150390625	0.0	button_press	2	2125
4.2578125	0.0	button_press	2	2180
4.30859375	0.0	button_press	2	2206
4.455078125	0.0	button_press	2	2281
4.537109375	0.0	button_press	2	2323
4.568359375	0.0	button_press	2	2339
4.681640625	0.0	button_press	2	2397
4.84375	0.0	button_press	2	2480
5.07421875	0.0	button_press	2	2598
5.09765625	0.0	button_press	2	2610
5.12109375	0.0	button_press	2	2622
5.193359375	0.0	button_press	2	2659
5.3671875	0.0	button_press	2	2748
5.48046875	0.0	button_press	2	2806
5.51953125	0.0	button_press	2	2826
5.546875	0.0	button_press	2	2840
5.607421875	0.0	button_press	2	2871
5.67578125	0.0	button_press	2	2906
5.81640625	0.0	button_press	2	2978
5.869140625	0.0	button_press	2	3005
6.02734375	0.0	button_press	2	3086
6.21484375	0.0	button_press	2	3182
6.24609375	0.0	button_press	2	3198
6.298828125	0.0	button_press	2	3225
6.43359375	0.0	button_press	2	3294
6.513671875	0.0	button_press	2	3335
6.57421875	0.0	button_press	2	3366
6.8125	0.0	button_press	2	3488
6.869140625	0.0	button_press	2	3517
6.896484375	0.0	button_press	2	3531
7.001953125	0.0	button_press	2	3585
7.029296875	0.0	button_press	2	3599
7.052734375	0.0	button_press	2	3611
7.109375	0.0	button_press	2	3640
7.14453125	0.0	button_press	2	3658
7.251953125	0.0	button_press	2	3713
7.28125	0.0	button_press	2	3728
7.34765625	0.0	button_press	2	3762
7.47265625	0.0	button_press	2	3826
7.515625	0.0	button_press	2	3848
7.595703125	0.0	button_press	2	3889
7.65234375	0.0	button_press	2	3918
7.6796875	0.0	button_press	2	3932
7.857421875	0.0	button_press	2	4023
7.884765625	0.0	button_press	2	4037
8.0546875	0.0	button_press	2	4124
8.189453125	0.0	button_press	2	4193
8.212890625	0.0	button_press	2	4205
8.296875	0.0	button_press	2	4248
8.359375	0.0	button_press	2	4280
8.390625	0.0	button_press	2	4296
8.712890625	0.0	button_press	2	4461
8.814453125	0.0	button_press	2	4513
8.931640625	0.0	button_press	2	4573
8.982421875	0.0	button_press	2	4599
9.041015625	0.0	button_press	2	4629
9.076171875	0.0	button_press	2	4647
9.09765625	0.0	button_press	2	4658
9.15625	0.0	button_press	2	4688
9.18359375	0.0	button_press	2	4702
9.234375	0.0	button_press	2	4728
9.279296875	0.0	button_press	2	4751
9.583984375	0.0	button_press	2	4907
9.708984375	0.0	button_press	2	4971
9.7890625	0.0	button_press	2	5012
9.810546875	0.0	button_press	2	5023
9.908203125	0.0	button_press	2	5073
10.03515625	0.0	button_press	2	5138
10.1015625	0.0	button_press	2	5172
10.154296875	0.0	button_press	2	5199
10.216796875	0.0	button_press	2	5231
10.255859375	0.0	button_press	2	5251
10.3046875	0.0	button_press	2	5276
10.42578125	0.0	button_press	2	5338
10.466796875	0.0	button_press	2	5359
10.4921875	0.0	button_press	2	5372
10.654296875	0.0	button_press	2	5455
10.69921875	0.0	button_press	2	5478
10.794921875	0.0	button_press	2	5527
10.84375	0.0	button_press	2	5552
10.943359375	0.0	button_press	2	5603
11.296875	0.0	button_press	2	5784
11.333984375	0.0	button_press	2	5803
11.357421875	0.0	button_press	2	5815
11.3984375	0.0	button_press	2	5836
11.48828125	0.0	button_press	2	5882
11.5703125	0.0	button_press	2	5924
11.703125	0.0	button_press	2	5992
11.740234375	0.0	button_press	2	6011
11.767578125	0.0	button_press	2	6025
11.8828125	0.0	button_press	2	6084
12.056640625	0.0	button_press	2	6173
12.078125	0.0	button_press	2	6184
12.1015625	0.0	button_press	2	6196
12.50390625	0.0	button_press	2	6402
12.53125	0.0	button_press	2	6416
12.556640625	0.0	button_press	2	6429
12.650390625	0.0	button_press	2	6477
12.91015625	0.0	button_press	2	6610
12.98828125	0.0	button_press	2	6650
13.05859375	0.0	button_press	2	6686
13.12109375	0.0	button_press	2	6718
13.3046875	0.0	button_press	2	6812
13.345703125	0.0	button_press	2	6833
13.576171875	0.0	button_press	2	6951
13.6015625	0.0	button_press	2	6964
13.66015625	0.0	button_press	2	6994
13.685546875	0.0	button_press	2	7007
13.73828125	0.0	button_press	2	7034
13.76171875	0.0	button_press	2	7046
13.80078125	0.0	button_press	2	7066
13.880859375	0.0	button_press	2	7107
13.98828125	0.0	button_press	2	7162
14.080078125	0.0	button_press	2	7209
14.146484375	0.0	button_press	2	7243
14.18359375	0.0	button_press	2	7262
14.302734375	0.0	button_press	2	7323
14.333984375	0.0	button_press	2	7339
14.4609375	0.0	button_press	2	7404
14.54296875	0.0	button_press	2	7446
14.63671875	0.0	button_press	2	7494
14.794921875	0.0	button_press	2	7575
14.908203125	0.0	button_press	2	7633
14.93359375	0.0	button_press	2	7646
14.986328125	0.0	button_press	2	7673
15.076171875	0.0	button_press	2	7719
15.1171875	0.0	button_press	2	7740
15.15625	0.0	button_press	2	7760
15.189453125	0.0	button_press	2	7777
15.22265625	0.0	button_press	2	7794
15.2734375	0.0	button_press	2	7820
15.296875	0.0	button_press	2	7832
15.5625	0.0	button_press	2	7968
15.6015625	0.0	button_press	2	7988
15.626953125	0.0	button_press	2	8001
15.673828125	0.0	button_press	2	8025
15.765625	0.0	button_press	2	8072
15.857421875	0.0	button_press	2	8119
15.89453125	0.0	button_press	2	8138
16.013671875	0.0	button_press	2	8199
16.08984375	0.0	button_press	2	8238
16.2421875	0.0	button_press	2	8316
16.267578125	0.0	button_press	2	8329
16.3671875	0.0	button_press	2	8380
16.3984375	0.0	button_press	2	8396
16.443359375	0.0	button_press	2	8419
16.470703125	0.0	button_press	2	8433
16.51953125	0.0	button_press	2	8458
16.57421875	0.0	button_press	2	8486
16.677734375	0.0	button_press	2	8539
16.76953125	0.0	button_press	2	8586
16.806640625	0.0	button_press	2	8605
16.890625	0.0	button_press	2	8648
16.94921875	0.0	button_press	2	8678
17.001953125	0.0	button_press	2	8705
17.0390625	0.0	button_press	2	8724
17.087890625	0.0	button_press	2	8749
17.173828125	0.0	button_press	2	8793
17.216796875	0.0	button_press	2	8815
17.263671875	0.0	button_press	2	8839
17.53515625	0.0	button_press	2	8978
17.6796875	0.0	button_press	2	9052
17.7890625	0.0	button_press	2	9108
17.833984375	0.0	button_press	2	9131
17.859375	0.0	button_press	2	9144
18.087890625	0.0	button_press	2	9261
18.12109375	0.0	button_press	2	9278
18.208984375	0.0	button_press	2	9323
18.240234375	0.0	button_press	2	9339
18.400390625	0.0	button_press	2	9421
18.478515625	0.0	button_press	2	9461
18.55859375	0.0	button_press	2	9502
18.65625	0.0	button_press	2	9552
18.6796875	0.0	button_press	2	9564
18.794921875	0.0	button_press	2	9623
18.826171875	0.0	button_press	2	9639
18.87109375	0.0	button_press	2	9662
18.92578125	0.0	button_press	2	9690
18.96484375	0.0	button_press	2	9710
19.0234375	0.0	button_press	2	9740
19.150390625	0.0	button_press	2	9805
19.171875	0.0	button_press	2	9816
19.251953125	0.0	button_press	2	9857
19.28515625	0.0	button_press	2	9874
19.416015625	0.0	button_press	2	9941
19.62890625	0.0	button_press	2	10050
19.703125	0.0	button_press	2	10088
19.73046875	0.0	button_press	2	10102
19.8671875	0.0	button_press	2	10172
19.888671875	0.0	button_press	2	10183
20.03515625	0.0	button_press	2	10258
20.06640625	0.0	button_press	2	10274
20.158203125	0.0	button_press	2	10321
20.240234375	0.0	button_press	2	10363
20.287109375	0.0	button_press	2	10387
20.38671875	0.0	button_press	2	10438
20.44921875	0.0	button_press	2	10470
20.486328125	0.0	button_press	2	10489
20.572265625	0.0	button_press	2	10533
20.615234375	0.0	button_press	2	10555
20.703125	0.0	button_press	2	10600
20.771484375	0.0	button_press	2	10635
20.802734375	0.0	button_press	2	10651
20.830078125	0.0	button_press	2	10665
20.90625	0.0	button_press	2	10704
20.962890625	0.0	button_press	2	10733
21.076171875	0.0	button_press	2	10791
21.345703125	0.0	button_press	2	10929
21.390625	0.0	button_press	2	10952
21.458984375	0.0	button_press	2	10987
21.515625	0.0	button_press	2	11016
21.55078125	0.0	button_press	2	11034
21.677734375	0.0	button_press	2	11099
21.77734375	0.0	button_press	2	11150
21.89453125	0.0	button_press	2	11210
21.94921875	0.0	button_press	2	11238
22.064453125	0.0	button_press	2	11297
22.146484375	0.0	button_press	2	11339
22.212890625	0.0	button_press	2	11373
22.314453125	0.0	button_press	2	11425
22.3515625	0.0	button_press	2	11444
22.482421875	0.0	button_press	2	11511
22.59375	0.0	button_press	2	11568
22.7109375	0.0	button_press	2	11628
22.76171875	0.0	button_press	2	11654
22.7890625	0.0	button_press	2	11668
22.92578125	0.0	button_press	2	11738
22.95703125	0.0	button_press	2	11754
23.173828125	0.0	button_press	2	11865
23.232421875	0.0	button_press	2	11895
23.26171875	0.0	button_press	2	11910
23.34375	0.0	button_press	2	11952
23.365234375	0.0	button_press	2	11963
23.38671875	0.0	button_press	2	11974
23.587890625	0.0	button_press	2	12077
23.630859375	0.0	button_press	2	12099
23.6953125	0.0	button_press	2	12132
23.935546875	0.0	button_press	2	12255
23.98828125	0.0	button_press	2	12282
24.013671875	0.0	button_press	2	12295
24.04296875	0.0	button_press	2	12310
24.109375	0.0	button_press	2	12344
24.193359375	0.0	button_press	2	12387
24.251953125	0.0	button_press	2	12417
24.275390625	0.0	button_press	2	12429
24.322265625	0.0	button_press	2	12453
24.435546875	0.0	button_press	2	12511
24.47265625	0.0	button_press	2	12530
24.494140625	0.0	button_press	2	12541
24.53515625	0.0	button_press	2	12562
24.595703125	0.0	button_press	2	12593
24.640625	0.0	button_press	2	12616
24.689453125	0.0	button_press	2	12641
24.755859375	0.0	button_press	2	12675
24.80078125	0.0	button_press	2	12698
24.853515625	0.0	button_press	2	12725
24.888671875	0.0	button_press	2	12743
24.947265625	0.0	button_press	2	12773
24.982421875	0.0	button_press	2	12791
25.0390625	0.0	button_press	2	12820
25.072265625	0.0	button_press	2	12837
25.130859375	0.0	button_press	2	12867
25.326171875	0.0	button_press	2	12967
25.375	0.0	button_press	2	12992
25.423828125	0.0	button_press	2	13017
25.466796875	0.0	button_press	2	13039
25.564453125	0.0	button_press	2	13089
25.673828125	0.0	button_press	2	13145
25.703125	0.0	button_press	2	13160
25.8046875	0.0	button_press	2	13212
25.89453125	0.0	button_press	2	13258
26.0390625	0.0	button_press	2	13332
26.0625	0.0	button_press	2	13344
26.10546875	0.0	button_press	2	13366
26.142578125	0.0	button_press	2	13385
26.18359375	0.0	button_press	2	13406
26.251953125	0.0	button_press	2	13441
26.29296875	0.0	button_press	2	13462
26.443359375	0.0	button_press	2	13539
26.474609375	0.0	button_press	2	13555
26.669921875	0.0	button_press	2	13655
26.7265625	0.0	button_press	2	13684
26.767578125	0.0	button_press	2	13705
26.853515625	0.0	button_press	2	13749
26.890625	0.0	button_press	2	13768
26.94921875	0.0	button_press	2	13798
26.97265625	0.0	button_press	2	13810
27.0234375	0.0	button_press	2	13836
27.0546875	0.0	button_press	2	13852
27.083984375	0.0	button_press	2	13867
27.115234375	0.0	button_press	2	13883
27.234375	0.0	button_press	2	13944
27.2734375	0.0	button_press	2	13964
27.361328125	0.0	button_press	2	14009
27.384765625	0.0	button_press	2	14021
27.46875	0.0	button_press	2	14064
27.556640625	0.0	button_press	2	14109
27.603515625	0.0	button_press	2	14133
27.666015625	0.0	button_press	2	14165
27.73828125	0.0	button_press	2	14202
27.7890625	0.0	button_press	2	14228
27.826171875	0.0	button_press	2	14247
27.869140625	0.0	button_press	2	14269
27.890625	0.0	button_press	2	14280
27.935546875	0.0	button_press	2	14303
27.974609375	0.0	button_press	2	14323
28.033203125	0.0	button_press	2	14353
28.060546875	0.0	button_press	2	14367
28.115234375	0.0	button_press	2	14395
28.3125	0.0	button_press	2	14496
28.3359375	0.0	button_press	2	14508
28.494140625	0.0	button_press	2	14589
28.541015625	0.0	button_press	2	14613
28.591796875	0.0	button_press	2	14639
28.66796875	0.0	button_press	2	14678
28.73828125	0.0	button_press	2	14714
28.89453125	0.0	button_press	2	14794
28.955078125	0.0	button_press	2	14825
28.990234375	0.0	button_press	2	14843
29.0390625	0.0	button_press	2	14868
29.09375	0.0	button_press	2	14896
29.181640625	0.0	button_press	2	14941
29.3671875	0.0	button_press	2	15036
29.4375	0.0	button_press	2	15072
29.458984375	0.0	button_press	2	15083
29.4921875	0.0	button_press	2	15100
29.583984375	0.0	button_press	2	15147
29.6953125	0.0	button_press	2	15204
29.771484375	0.0	button_press	2	15243
29.79296875	0.0	button_press	2	15254
29.818359375	0.0	button_press	2	15267
29.86328125	0.0	button_press	2	15290
29.927734375	0.0	button_press	2	15323
29.97265625	0.0	button_press	2	15346
30.0	0.0	button_press	2	15360
30.078125	0.0	button_press	2	15400
30.123046875	0.0	button_press	2	15423
30.15234375	0.0	button_press	2	15438
30.197265625	0.0	button_press	2	15461
30.248046875	0.0	button_press	2	15487
30.275390625	0.0	button_press	2	15501
30.32421875	0.0	button_press	2	15526
30.392578125	0.0	button_press	2	15561
30.421875	0.0	button_press	2	15576
30.462890625	0.0	button_press	2	15597
30.552734375	0.0	button_press	2	15643
30.6015625	0.0	button_press	2	15668
30.62890625	0.0	button_press	2	15682
30.828125	0.0	button_press	2	15784
30.865234375	0.0	button_press	2	15803
30.95703125	0.0	button_press	2	15850
30.99609375	0.0	button_press	2	15870
31.021484375	0.0	button_press	2	15883
31.0859375	0.0	button_press	2	15916
31.162109375	0.0	button_press	2	15955
31.19921875	0.0	button_press	2	15974
31.27734375	0.0	button_press	2	16014
31.400390625	0.0	button_press	2	16077
31.44140625	0.0	button_press	2	16098
31.626953125	0.0	button_press	2	16193
31.66796875	0.0	button_press	2	16214
31.71875	0.0	button_press	2	16240
31.751953125	0.0	button_press	2	16257
31.81640625	0.0	button_press	2	16290
31.85546875	0.0	button_press	2	16310
31.94140625	0.0	button_press	2	16354
31.974609375	0.0	button_press	2	16371
32.0	0.0	button_press	2	16384
32.021484375	0.0	button_press	2	16395
32.048828125	0.0	button_press	2	16409
32.095703125	0.0	button_press	2	16433
32.125	0.0	button_press	2	16448
32.1796875	0.0	button_press	2	16476
32.427734375	0.0	button_press	2	16603
32.466796875	0.0	button_press	2	16623
32.525390625	0.0	button_press	2	16653
32.59765625	0.0	button_press	2	16690
32.64453125	0.0	button_press	2	16714
32.666015625	0.0	button_press	2	16725
32.767578125	0.0	button_press	2	16777
32.818359375	0.0	button_press	2	16803
32.865234375	0.0	button_press	2	16827
32.939453125	0.0	button_press	2	16865
33.205078125	0.0	button_press	2	17001
33.25390625	0.0	button_press	2	17026
33.298828125	0.0	button_press	2	17049
33.330078125	0.0	button_press	2	17065
33.3984375	0.0	button_press	2	17100
33.4453125	0.0	button_press	2	17124
33.47265625	0.0	button_press	2	17138
33.498046875	0.0	button_press	2	17151
33.533203125	0.0	button_press	2	17169
33.646484375	0.0	button_press	2	17227
33.697265625	0.0	button_press	2	17253
33.75390625	0.0	button_press	2	17282
33.857421875	0.0	button_press	2	17335
34.05078125	0.0	button_press	2	17434
34.103515625	0.0	button_press	2	17461
34.36328125	0.0	button_press	2	17594
34.3984375	0.0	button_press	2	17612
34.484375	0.0	button_press	2	17656
34.6015625	0.0	button_press	2	17716
34.783203125	0.0	button_press	2	17809
34.810546875	0.0	button_press	2	17823
34.84375	0.0	button_press	2	17840
34.91015625	0.0	button_press	2	17874
34.970703125	0.0	button_press	2	17905
35.203125	0.0	button_press	2	18024
35.2578125	0.0	button_press	2	18052
35.2890625	0.0	button_press	2	18068
35.314453125	0.0	button_press	2	18081
35.455078125	0.0	button_press	2	18153
35.51171875	0.0	button_press	2	18182
35.646484375	0.0	button_press	2	18251
35.67578125	0.0	button_press	2	18266
35.767578125	0.0	button_press	2	18313
35.830078125	0.0	button_press	2	18345
35.86328125	0.0	button_press	2	18362
35.888671875	0.0	button_press	2	18375
35.978515625	0.0	button_press	2	18421
36.0	0.0	button_press	2	18432
36.19921875	0.0	button_press	2	18534
36.220703125	0.0	button_press	2	18545
36.357421875	0.0	button_press	2	18615
36.416015625	0.0	button_press	2	18645
36.443359375	0.0	button_press	2	18659
36.552734375	0.0	button_press	2	18715
36.6015625	0.0	button_press	2	18740
36.6328125	0.0	button_press	2	18756
36.6640625	0.0	button_press	2	18772
36.69921875	0.0	button_press	2	18790
36.76171875	0.0	button_press	2	18822
36.876953125	0.0	button_press	2	18881
36.95703125	0.0	button_press	2	18922
36.984375	0.0	button_press	2	18936
37.0390625	0.0	button_press	2	18964
37.076171875	0.0	button_press	2	18983
37.115234375	0.0	button_press	2	19003
37.1796875	0.0	button_press	2	19036
37.20703125	0.0	button_press	2	19050
37.640625	0.0	button_press	2	19272
37.736328125	0.0	button_press	2	19321
37.76953125	0.0	button_press	2	19338
37.79296875	0.0	button_press	2	19350
37.81640625	0.0	button_press	2	19362
37.93359375	0.0	button_press	2	19422
37.958984375	0.0	button_press	2	19435
38.013671875	0.0	button_press	2	19463
38.0390625	0.0	button_press	2	19476
38.171875	0.0	button_press	2	19544
38.236328125	0.0	button_press	2	19577
38.30859375	0.0	button_press	2	19614
38.3359375	0.0	button_press	2	19628
38.40625	0.0	button_press	2	19664
38.478515625	0.0	button_press	2	19701
38.560546875	0.0	button_press	2	19743
38.6015625	0.0	button_press	2	19764
38.6484375	0.0	button_press	2	19788
38.708984375	0.0	button_press	2	19819
38.775390625	0.0	button_press	2	19853
38.8203125	0.0	button_press	2	19876
38.853515625	0.0	button_press	2	19893
38.87890625	0.0	button_press	2	19906
38.93359375	0.0	button_press	2	19934
38.955078125	0.0	button_press	2	19945
39.041015625	0.0	button_press	2	19989
39.0625	0.0	button_press	2	20000
39.17578125	0.0	button_press	2	20058
39.232421875	0.0	button_press	2	20087
39.28125	0.0	button_press	2	20112
39.314453125	0.0	button_press	2	20129
39.40625	0.0	button_press	2	20176
39.541015625	0.0	button_press	2	20245
39.576171875	0.0	button_press	2	20263
39.62890625	0.0	button_press	2	20290
39.697265625	0.0	button_press	2	20325
39.814453125	0.0	button_press	2	20385
39.880859375	0.0	button_press	2	20419
39.919921875	0.0	button_press	2	20439
39.986328125	0.0	button_press	2	20473
40.01953125	0.0	button_press	2	20490
40.09765625	0.0	button_press	2	20530
40.134765625	0.0	button_press	2	20549
40.203125	0.0	button_press	2	20584
40.2890625	0.0	button_press	2	20628
40.3203125	0.0	button_press	2	20644
40.384765625	0.0	button_press	2	20677
40.40625	0.0	button_press	2	20688
40.46875	0.0	button_press	2	20720
40.619140625	0.0	button_press	2	20797
40.662109375	0.0	button_press	2	20819
40.693359375	0.0	button_press	2	20835
40.791015625	0.0	button_press	2	20885
40.8125	0.0	button_press	2	20896
40.900390625	0.0	button_press	2	20941
40.92578125	0.0	button_press	2	20954
40.966796875	0.0	button_press	2	20975
40.9921875	0.0	button_press	2	20988
41.0234375	0.0	button_press	2	21004
41.07421875	0.0	button_press	2	21030
41.140625	0.0	button_press	2	21064
41.177734375	0.0	button_press	2	21083
41.359375	0.0	button_press	2	21176
41.4296875	0.0	button_press	2	21212
41.4609375	0.0	button_press	2	21228
41.5078125	0.0	button_press	2	21252
41.54296875	0.0	button_press	2	21270
41.810546875	0.0	button_press	2	21407
41.91015625	0.0	button_press	2	21458
41.984375	0.0	button_press	2	21496
42.052734375	0.0	button_press	2	21531
42.09765625	0.0	button_press	2	21554
42.142578125	0.0	button_press	2	21577
42.1796875	0.0	button_press	2	21596
42.25	0.0	button_press	2	21632
42.283203125	0.0	button_press	2	21649
42.365234375	0.0	button_press	2	21691
42.4140625	0.0	button_press	2	21716
42.462890625	0.0	button_press	2	21741
42.50390625	0.0	button_press	2	21762
42.5546875	0.0	button_press	2	21788
42.642578125	0.0	button_press	2	21833
42.728515625	0.0	button_press	2	21877
42.802734375	0.0	button_press	2	21915
42.861328125	0.0	button_press	2	21945
42.892578125	0.0	button_press	2	21961
42.939453125	0.0	button_press	2	21985
43.125	0.0	button_press	2	22080
43.234375	0.0	button_press	2	22136
43.294921875	0.0	button_press	2	22167
43.349609375	0.0	button_press	2	22195
43.4453125	0.0	button_press	2	22244
43.478515625	0.0	button_press	2	22261
43.546875	0.0	button_press	2	22296
43.587890625	0.0	button_press	2	22317
43.677734375	0.0	button_press	2	22363
43.724609375	0.0	button_press	2	22387
43.798828125	0.0	button_press	2	22425
43.927734375	0.0	button_press	2	22491
43.953125	0.0	button_press	2	22504
44.015625	0.0	button_press	2	22536
44.23828125	0.0	button_press	2	22650
44.349609375	0.0	button_press	2	22707
44.390625	0.0	button_press	2	22728
44.470703125	0.0	button_press	2	22769
44.529296875	0.0	button_press	2	22799
44.591796875	0.0	button_press	2	22831
44.759765625	0.0	button_press	2	22917
44.869140625	0.0	button_press	2	22973
44.89453125	0.0	button_press	2	22986
44.970703125	0.0	button_press	2	23025
45.0625	0.0	button_press	2	23072
45.091796875	0.0	button_press	2	23087
45.203125	0.0	button_press	2	23144
45.28125	0.0	button_press	2	23184
45.35546875	0.0	button_press	2	23222
45.388671875	0.0	button_press	2	23239
45.458984375	0.0	button_press	2	23275
45.51171875	0.0	button_press	2	23302
45.59375	0.0	button_press	2	23344
45.6640625	0.0	button_press	2	23380
45.693359375	0.0	button_press	2	23395
45.81640625	0.0	button_press	2	23458
45.912109375	0.0	button_press	2	23507
45.935546875	0.0	button_press	2	23519
45.966796875	0.0	button_press	2	23535
46.01953125	0.0	button_press	2	23562
46.0546875	0.0	button_press	2	23580
46.099609375	0.0	button_press	2	23603
46.287109375	0.0	button_press	2	23699
46.349609375	0.0	button_press	2	23731
46.4296875	0.0	button_press	2	23772
46.5	0.0	button_press	2	23808
46.583984375	0.0	button_press	2	23851
46.611328125	0.0	button_press	2	23865
46.65625	0.0	button_press	2	23888
46.681640625	0.0	button_press	2	23901
46.705078125	0.0	button_press	2	23913
46.736328125	0.0	button_press	2	23929
46.77734375	0.0	button_press	2	23950
46.86328125	0.0	button_press	2	23994
47.05859375	0.0	button_press	2	24094
47.181640625	0.0	button_press	2	24157
47.2109375	0.0	button_press	2	24172
47.474609375	0.0	button_press	2	24307
47.6015625	0.0	button_press	2	24372
47.63671875	0.0	button_press	2	24390
47.8984375	0.0	button_press	2	24524
47.947265625	0.0	button_press	2	24549
48.009765625	0.0	button_press	2	24581
48.06640625	0.0	button_press	2	24610
48.103515625	0.0	button_press	2	24629
48.2109375	0.0	button_press	2	24684
48.26171875	0.0	button_press	2	24710
48.306640625	0.0	button_press	2	24733
48.423828125	0.0	button_press	2	24793
48.50390625	0.0	button_press	2	24834
48.544921875	0.0	button_press	2	24855
48.576171875	0.0	button_press	2	24871
48.681640625	0.0	button_press	2	24925
48.708984375	0.0	button_press	2	24939
48.74609375	0.0	button_press	2	24958
48.787109375	0.0	button_press	2	24979
48.828125	0.0	button_press	2	25000
48.904296875	0.0	button_press	2	25039
49.001953125	0.0	button_press	2	25089
49.046875	0.0	button_press	2	25112
49.236328125	0.0	button_press	2	25209
49.4453125	0.0	button_press	2	25316
49.51171875	0.0	button_press	2	25350
49.560546875	0.0	button_press	2	25375
49.716796875	0.0	button_press	2	25455
49.806640625	0.0	button_press	2	25501
49.8359375	0.0	button_press	2	25516
49.865234375	0.0	button_press	2	25531
49.916015625	0.0	button_press	2	25557
49.9921875	0.0	button_press	2	25596
50.337890625	0.0	button_press	2	25773
50.4296875	0.0	button_press	2	25820
50.5	0.0	button_press	2	25856
50.56640625	0.0	button_press	2	25890
50.625	0.0	button_press	2	25920
50.677734375	0.0	button_press	2	25947
50.830078125	0.0	button_press	2	26025
50.859375	0.0	button_press	2	26040
50.884765625	0.0	button_press	2	26053
50.927734375	0.0	button_press	2	26075
51.005859375	0.0	button_press	2	26115
51.03125	0.0	button_press	2	26128
51.0625	0.0	button_press	2	26144
51.13671875	0.0	button_press	2	26182
51.185546875	0.0	button_press	2	26207
51.20703125	0.0	button_press	2	26218
51.255859375	0.0	button_press	2	26243
51.283203125	0.0	button_press	2	26257
51.359375	0.0	button_press	2	26296
51.380859375	0.0	button_press	2	26307
51.412109375	0.0	button_press	2	26323
51.517578125	0.0	button_press	2	26377
51.576171875	0.0	button_press	2	26407
51.6484375	0.0	button_press	2	26444
51.673828125	0.0	button_press	2	26457
51.740234375	0.0	button_press	2	26491
51.880859375	0.0	button_press	2	26563
51.91015625	0.0	button_press	2	26578
52.162109375	0.0	button_press	2	26707
52.302734375	0.0	button_press	2	26779
52.376953125	0.0	button_press	2	26817
52.421875	0.0	button_press	2	26840
52.494140625	0.0	button_press	2	26877
52.56640625	0.0	button_press	2	26914
52.62109375	0.0	button_press	2	26942
52.64453125	0.0	button_press	2	26954
52.669921875	0.0	button_press	2	26967
52.728515625	0.0	button_press	2	26997
52.75	0.0	button_press	2	27008
52.8515625	0.0	button_press	2	27060
52.890625	0.0	button_press	2	27080
52.974609375	0.0	button_press	2	27123
53.072265625	0.0	button_press	2	27173
53.09375	0.0	button_press	2	27184
53.212890625	0.0	button_press	2	27245
53.279296875	0.0	button_press	2	27279
53.376953125	0.0	button_press	2	27329
53.4140625	0.0	button_press	2	27348
53.47265625	0.0	button_press	2	27378
53.5703125	0.0	button_press	2	27428
53.60546875	0.0	button_press	2	27446
53.677734375	0.0	button_press	2	27483
53.759765625	0.0	button_press	2	27525
53.814453125	0.0	button_press	2	27553
53.8984375	0.0	button_press	2	27596
53.921875	0.0	button_press	2	27608
53.953125	0.0	button_press	2	27624
54.0546875	0.0	button_press	2	27676
54.10546875	0.0	button_press	2	27702
54.185546875	0.0	button_press	2	27743
54.25390625	0.0	button_press	2	27778
54.298828125	0.0	button_press	2	27801
54.341796875	0.0	button_press	2	27823
54.4375	0.0	button_press	2	27872
54.560546875	0.0	button_press	2	27935
54.583984375	0.0	button_press	2	27947
54.693359375	0.0	button_press	2	28003
54.763671875	0.0	button_press	2	28039
54.814453125	0.0	button_press	2	28065
54.875	0.0	button_press	2	28096
54.970703125	0.0	button_press	2	28145
55.041015625	0.0	button_press	2	28181
55.1015625	0.0	button_press	2	28212
55.158203125	0.0	button_press	2	28241
55.228515625	0.0	button_press	2	28277
55.259765625	0.0	button_press	2	28293
55.283203125	0.0	button_press	2	28305
55.330078125	0.0	button_press	2	28329
55.3828125	0.0	button_press	2	28356
55.44921875	0.0	button_press	2	28390
55.498046875	0.0	button_press	2	28415
55.638671875	0.0	button_press	2	28487
55.857421875	0.0	button_press	2	28599
55.91015625	0.0	button_press	2	28626
56.0546875	0.0	button_press	2	28700
56.2421875	0.0	button_press	2	28796
56.287109375	0.0	button_press	2	28819
56.46484375	0.0	button_press	2	28910
56.498046875	0.0	button_press	2	28927
56.548828125	0.0	button_press	2	28953
56.611328125	0.0	button_press	2	28985
56.646484375	0.0	button_press	2	29003
56.697265625	0.0	button_press	2	29029
56.7265625	0.0	button_press	2	29044
56.75	0.0	button_press	2	29056
56.81640625	0.0	button_press	2	29090
56.955078125	0.0	button_press	2	29161
57.15234375	0.0	button_press	2	29262
57.21875	0.0	button_press	2	29296
57.25	0.0	button_press	2	29312
57.275390625	0.0	button_press	2	29325
57.302734375	0.0	button_press	2	29339
57.423828125	0.0	button_press	2	29401
57.447265625	0.0	button_press	2	29413
57.486328125	0.0	button_press	2	29433
57.5234375	0.0	button_press	2	29452
57.564453125	0.0	button_press	2	29473
57.62890625	0.0	button_press	2	29506
57.69140625	0.0	button_press	2	29538
57.724609375	0.0	button_press	2	29555
57.939453125	0.0	button_press	2	29665
57.994140625	0.0	button_press	2	29693
58.125	0.0	button_press	2	29760
58.16015625	0.0	button_press	2	29778
58.185546875	0.0	button_press	2	29791
58.21875	0.0	button_press	2	29808
58.28125	0.0	button_press	2	29840
58.349609375	0.0	button_press	2	29875
58.421875	0.0	button_press	2	29912
58.509765625	0.0	button_press	2	29957
58.59375	0.0	button_press	2	30000
58.626953125	0.0	button_press	2	30017
58.703125	0.0	button_press	2	30056
58.77734375	0.0	button_press	2	30094
58.810546875	0.0	button_press	2	30111
58.88671875	0.0	button_press	2	30150
58.91015625	0.0	button_press	2	30162
59.0859375	0.0	button_press	2	30252
59.22265625	0.0	button_press	2	30322
59.388671875	0.0	button_press	2	30407
59.427734375	0.0	button_press	2	30427
59.490234375	0.0	button_press	2	30459
59.54296875	0.0	button_press	2	30486
59.65625	0.0	button_press	2	30544
59.751953125	0.0	button_press	2	30593
59.77734375	0.0	button_press	2	30606
59.8125	0.0	button_press	2	30624
59.8515625	0.0	button_press	2	30644
59.9140625	0.0	button_press	2	30676
59.935546875	0.0	button_press	2	30687
59.962890625	0.0	button_press	2	30701
59.998046875	0.0	button_press	2	30719
60.02734375	0.0	button_press	2	30734
60.09375	0.0	button_press	2	30768
60.162109375	0.0	button_press	2	30803
60.1953125	0.0	button_press	2	30820
60.271484375	0.0	button_press	2	30859
60.31640625	0.0	button_press	2	30882
60.36328125	0.0	button_press	2	30906
60.384765625	0.0	button_press	2	30917
60.646484375	0.0	button_press	2	31051
60.68359375	0.0	button_press	2	31070
60.75	0.0	button_press	2	31104
60.982421875	0.0	button_press	2	31223
61.0234375	0.0	button_press	2	31244
61.080078125	0.0	button_press	2	31273
61.15234375	0.0	button_press	2	31310
61.376953125	0.0	button_press	2	31425
61.517578125	0.0	button_press	2	31497
61.564453125	0.0	button_press	2	31521
61.61328125	0.0	button_press	2	31546
61.69921875	0.0	button_press	2	31590
61.72265625	0.0	button_press	2	31602
61.76953125	0.0	button_press	2	31626
61.85546875	0.0	button_press	2	31670
61.900390625	0.0	button_press	2	31693
61.990234375	0.0	button_press	2	31739
62.0546875	0.0	button_press	2	31772
62.078125	0.0	button_press	2	31784
62.166015625	0.0	button_press	2	31829
62.255859375	0.0	button_press	2	31875
62.3125	0.0	button_press	2	31904
62.384765625	0.0	button_press	2	31941
62.421875	0.0	button_press	2	31960
62.505859375	0.0	button_press	2	32003
62.66796875	0.0	button_press	2	32086
62.697265625	0.0	button_press	2	32101
62.94921875	0.0	button_press	2	32230
62.990234375	0.0	button_press	2	32251
63.03515625	0.0	button_press	2	32274
63.248046875	0.0	button_press	2	32383
63.279296875	0.0	button_press	2	32399
63.333984375	0.0	button_press	2	32427
63.45703125	0.0	button_press	2	32490
63.5078125	0.0	button_press	2	32516
63.82421875	0.0	button_press	2	32678
63.861328125	0.0	button_press	2	32697
63.8828125	0.0	button_press	2	32708
63.921875	0.0	button_press	2	32728
63.96875	0.0	button_press	2	32752
64.09375	0.0	button_press	2	32816
64.203125	0.0	button_press	2	32872
64.251953125	0.0	button_press	2	32897
64.27734375	0.0	button_press	2	32910
64.314453125	0.0	button_press	2	32929
64.365234375	0.0	button_press	2	32955
64.44921875	0.0	button_press	2	32998
64.509765625	0.0	button_press	2	33029
64.5390625	0.0	button_press	2	33044
64.71484375	0.0	button_press	2	33134
64.76171875	0.0	button_press	2	33158
64.806640625	0.0	button_press	2	33181
64.951171875	0.0	button_press	2	33255
65.025390625	0.0	button_press	2	33293
65.08984375	0.0	button_press	2	33326
65.130859375	0.0	button_press	2	33347
65.173828125	0.0	button_press	2	33369
65.267578125	0.0	button_press	2	33417
65.392578125	0.0	button_press	2	33481
65.453125	0.0	button_press	2	33512
65.625	0.0	button_press	2	33600
65.76171875	0.0	button_press	2	33670
65.814453125	0.0	button_press	2	33697
65.908203125	0.0	button_press	2	33745
66.095703125	0.0	button_press	2	33841
66.12109375	0.0	button_press	2	33854
66.201171875	0.0	button_press	2	33895
66.228515625	0.0	button_press	2	33909
66.3515625	0.0	button_press	2	33972
66.521484375	0.0	button_press	2	34059
66.55859375	0.0	button_press	2	34078
66.6015625	0.0	button_press	2	34100
66.669921875	0.0	button_press	2	34135
66.7109375	0.0	button_press	2	34156
66.794921875	0.0	button_press	2	34199
66.990234375	0.0	button_press	2	34299
67.015625	0.0	button_press	2	34312
67.169921875	0.0	button_press	2	34391
67.19140625	0.0	button_press	2	34402
67.2890625	0.0	button_press	2	34452
67.3125	0.0	button_press	2	34464
67.384765625	0.0	button_press	2	34501
67.4609375	0.0	button_press	2	34540
67.509765625	0.0	button_press	2	34565
67.599609375	0.0	button_press	2	34611
67.62890625	0.0	button_press	2	34626
67.80078125	0.0	button_press	2	34714
67.849609375	0.0	button_press	2	34739
67.98828125	0.0	button_press	2	34810
68.060546875	0.0	button_press	2	34847
68.08984375	0.0	button_press	2	34862
68.15234375	0.0	button_press	2	34894
68.21484375	0.0	button_press	2	34926
68.279296875	0.0	button_press	2	34959
68.318359375	0.0	button_press	2	34979
68.349609375	0.0	button_press	2	34995
68.416015625	0.0	button_press	2	35029
68.5390625	0.0	button_press	2	35092
68.56640625	0.0	button_press	2	35106
68.65625	0.0	button_press	2	35152
68.77734375	0.0	button_press	2	35214
68.841796875	0.0	button_press	2	35247
68.9296875	0.0	button_press	2	35292
69.03515625	0.0	button_press	2	35346
69.091796875	0.0	button_press	2	35375
69.115234375	0.0	button_press	2	35387
69.1953125	0.0	button_press	2	35428
69.28125	0.0	button_press	2	35472
69.31640625	0.0	button_press	2	35490
69.40625	0.0	button_press	2	35536
69.439453125	0.0	button_press	2	35553
69.5625	0.0	button_press	2	35616
69.623046875	0.0	button_press	2	35647
69.646484375	0.0	button_press	2	35659
69.685546875	0.0	button_press	2	35679
69.73828125	0.0	button_press	2	35706
69.80859375	0.0	button_press	2	35742
69.884765625	0.0	button_press	2	35781
69.93359375	0.0	button_press	2	35806
69.962890625	0.0	button_press	2	35821
69.986328125	0.0	button_press	2	35833
70.05078125	0.0	button_press	2	35866
70.078125	0.0	button_press	2	35880
70.14453125	0.0	button_press	2	35914
70.224609375	0.0	button_press	2	35955
70.32421875	0.0	button_press	2	36006
70.384765625	0.0	button_press	2	36037
70.416015625	0.0	button_press	2	36053
70.455078125	0.0	button_press	2	36073
70.5	0.0	button_press	2	36096
70.56640625	0.0	button_press	2	36130
70.640625	0.0	button_press	2	36168
70.697265625	0.0	button_press	2	36197
70.810546875	0.0	button_press	2	36255
70.85546875	0.0	button_press	2	36278
70.958984375	0.0	button_press	2	36331
70.986328125	0.0	button_press	2	36345
71.01171875	0.0	button_press	2	36358
71.0546875	0.0	button_press	2	36380
71.169921875	0.0	button_press	2	36439
71.33203125	0.0	button_press	2	36522
71.42578125	0.0	button_press	2	36570
71.6640625	0.0	button_press	2	36692
71.69921875	0.0	button_press	2	36710
71.927734375	0.0	button_press	2	36827
72.0546875	0.0	button_press	2	36892
72.08203125	0.0	button_press	2	36906
72.109375	0.0	button_press	2	36920
72.146484375	0.0	button_press	2	36939
72.189453125	0.0	button_press	2	36961
72.21875	0.0	button_press	2	36976
72.29296875	0.0	button_press	2	37014
72.345703125	0.0	button_press	2	37041
72.40625	0.0	button_press	2	37072
72.52734375	0.0	button_press	2	37134
72.583984375	0.0	button_press	2	37163
72.69140625	0.0	button_press	2	37218
72.73046875	0.0	button_press	2	37238
72.849609375	0.0	button_press	2	37299
72.97265625	0.0	button_press	2	37362
73.0	0.0	button_press	2	37376
73.0546875	0.0	button_press	2	37404
73.109375	0.0	button_press	2	37432
73.140625	0.0	button_press	2	37448
73.169921875	0.0	button_press	2	37463
73.203125	0.0	button_press	2	37480
73.23828125	0.0	button_press	2	37498
73.359375	0.0	button_press	2	37560
73.3828125	0.0	button_press	2	37572
73.412109375	0.0	button_press	2	37587
73.474609375	0.0	button_press	2	37619
73.505859375	0.0	button_press	2	37635
73.529296875	0.0	button_press	2	37647
73.568359375	0.0	button_press	2	37667
73.603515625	0.0	button_press	2	37685
73.630859375	0.0	button_press	2	37699
73.669921875	0.0	button_press	2	37719
73.759765625	0.0	button_press	2	37765
73.79296875	0.0	button_press	2	37782
73.849609375	0.0	button_press	2	37811
73.982421875	0.0	button_press	2	37879
74.01171875	0.0	button_press	2	37894
74.044921875	0.0	button_press	2	37911
74.091796875	0.0	button_press	2	37935
74.126953125	0.0	button_press	2	37953
74.150390625	0.0	button_press	2	37965
74.19921875	0.0	button_press	2	37990
74.330078125	0.0	button_press	2	38057
74.4453125	0.0	button_press	2	38116
74.4765625	0.0	button_press	2	38132
74.552734375	0.0	button_press	2	38171
74.66015625	0.0	button_press	2	38226
74.720703125	0.0	button_press	2	38257
74.779296875	0.0	button_press	2	38287
74.802734375	0.0	button_press	2	38299
74.943359375	0.0	button_press	2	38371
74.99609375	0.0	button_press	2	38398
75.294921875	0.0	button_press	2	38551
75.359375	0.0	button_press	2	38584
75.52734375	0.0	button_press	2	38670
75.70703125	0.0	button_press	2	38762
75.728515625	0.0	button_press	2	38773
75.796875	0.0	button_press	2	38808
75.85546875	0.0	button_press	2	38838
75.884765625	0.0	button_press	2	38853
75.91796875	0.0	button_press	2	38870
75.958984375	0.0	button_press	2	38891
76.09765625	0.0	button_press	2	38962
76.166015625	0.0	button_press	2	38997
76.1875	0.0	button_press	2	39008
76.236328125	0.0	button_press	2	39033
76.283203125	0.0	button_press	2	39057
76.3046875	0.0	button_press	2	39068
76.5	0.0	button_press	2	39168
76.57421875	0.0	button_press	2	39206
76.67578125	0.0	button_press	2	39258
76.771484375	0.0	button_press	2	39307
76.9140625	0.0	button_press	2	39380
76.95703125	0.0	button_press	2	39402
77.087890625	0.0	button_press	2	39469
77.21875	0.0	button_press	2	39536
77.333984375	0.0	button_press	2	39595
77.3671875	0.0	button_press	2	39612
77.44140625	0.0	button_press	2	39650
77.470703125	0.0	button_press	2	39665
77.53125	0.0	button_press	2	39696
77.56640625	0.0	button_press	2	39714
77.591796875	0.0	button_press	2	39727
77.62109375	0.0	button_press	2	39742
77.654296875	0.0	button_press	2	39759
77.677734375	0.0	button_press	2	39771
77.69921875	0.0	button_press	2	39782
77.81640625	0.0	button_press	2	39842
77.884765625	0.0	button_press	2	39877
77.9296875	0.0	button_press	2	39900
77.978515625	0.0	button_press	2	39925
78.0546875	0.0	button_press	2	39964
78.1640625	0.0	button_press	2	40020
78.193359375	0.0	button_press	2	40035
78.21875	0.0	button_press	2	40048
78.271484375	0.0	button_press	2	40075
78.337890625	0.0	button_press	2	40109
78.388671875	0.0	button_press	2	40135
78.4140625	0.0	button_press	2	40148
78.455078125	0.0	button_press	2	40169
78.525390625	0.0	button_press	2	40205
78.58203125	0.0	button_press	2	40234
78.642578125	0.0	button_press	2	40265
78.740234375	0.0	button_press	2	40315
78.775390625	0.0	button_press	2	40333
78.876953125	0.0	button_press	2	40385
78.9453125	0.0	button_press	2	40420
78.98828125	0.0	button_press	2	40442
79.0625	0.0	button_press	2	40480
79.1015625	0.0	button_press	2	40500
79.21875	0.0	button_press	2	40560
79.251953125	0.0	button_press	2	40577
79.279296875	0.0	button_press	2	40591
79.3984375	0.0	button_press	2	40652
79.43359375	0.0	button_press	2	40670
79.478515625	0.0	button_press	2	40693
79.634765625	0.0	button_press	2	40773
79.69921875	0.0	button_press	2	40806
79.724609375	0.0	button_press	2	40819
79.76953125	0.0	button_press	2	40842
79.908203125	0.0	button_press	2	40913
79.9296875	0.0	button_press	2	40924
80.203125	0.0	button_press	2	41064
80.27734375	0.0	button_press	2	41102
80.375	0.0	button_press	2	41152
80.40234375	0.0	button_press	2	41166
80.49609375	0.0	button_press	2	41214
80.525390625	0.0	button_press	2	41229
80.70703125	0.0	button_press	2	41322
80.755859375	0.0	button_press	2	41347
80.798828125	0.0	button_press	2	41369
80.86328125	0.0	button_press	2	41402
80.927734375	0.0	button_press	2	41435
81.146484375	0.0	button_press	2	41547
81.189453125	0.0	button_press	2	41569
81.359375	0.0	button_press	2	41656
81.408203125	0.0	button_press	2	41681
81.46875	0.0	button_press	2	41712
81.564453125	0.0	button_press	2	41761
81.59765625	0.0	button_press	2	41778
81.6484375	0.0	button_press	2	41804
81.70703125	0.0	button_press	2	41834
81.7578125	0.0	button_press	2	41860
81.841796875	0.0	button_press	2	41903
81.884765625	0.0	button_press	2	41925
81.921875	0.0	button_press	2	41944
82.013671875	0.0	button_press	2	41991
82.037109375	0.0	button_press	2	42003
82.2421875	0.0	button_press	2	42108
82.384765625	0.0	button_press	2	42181
82.46875	0.0	button_press	2	42224
82.5234375	0.0	button_press	2	42252
82.576171875	0.0	button_press	2	42279
82.625	0.0	button_press	2	42304
82.685546875	0.0	button_press	2	42335
82.76171875	0.0	button_press	2	42374
82.8203125	0.0	button_press	2	42404
82.861328125	0.0	button_press	2	42425
82.89453125	0.0	button_press	2	42442
82.94921875	0.0	button_press	2	42470
82.982421875	0.0	button_press	2	42487
83.03515625	0.0	button_press	2	42514
83.11328125	0.0	button_press	2	42554
83.19140625	0.0	button_press	2	42594
83.232421875	0.0	button_press	2	42615
83.2890625	0.0	button_press	2	42644
83.359375	0.0	button_press	2	42680
83.380859375	0.0	button_press	2	42691
83.419921875	0.0	button_press	2	42711
83.509765625	0.0	button_press	2	42757
83.65625	0.0	button_press	2	42832
83.716796875	0.0	button_press	2	42863
83.837890625	0.0	button_press	2	42925
83.923828125	0.0	button_press	2	42969
84.0	0.0	button_press	2	43008
84.06640625	0.0	button_press	2	43042
84.107421875	0.0	button_press	2	43063
84.162109375	0.0	button_press	2	43091
84.29296875	0.0	button_press	2	43158
84.353515625	0.0	button_press	2	43189
84.375	0.0	button_press	2	43200
84.408203125	0.0	button_press	2	43217
84.509765625	0.0	button_press	2	43269
84.541015625	0.0	button_press	2	43285
84.587890625	0.0	button_press	2	43309
84.611328125	0.0	button_press	2	43321
84.6796875	0.0	button_press	2	43356
84.71875	0.0	button_press	2	43376
84.796875	0.0	button_press	2	43416
84.88671875	0.0	button_press	2	43462
85.091796875	0.0	button_press	2	43567
85.11328125	0.0	button_press	2	43578
85.17578125	0.0	button_press	2	43610
85.208984375	0.0	button_press	2	43627
85.232421875	0.0	button_press	2	43639
85.2578125	0.0	button_press	2	43652
85.283203125	0.0	button_press	2	43665
85.388671875	0.0	button_press	2	43719
85.447265625	0.0	button_press	2	43749
85.47265625	0.0	button_press	2	43762
85.53515625	0.0	button_press	2	43794
85.583984375	0.0	button_press	2	43819
85.796875	0.0	button_press	2	43928
85.84765625	0.0	button_press	2	43954
85.884765625	0.0	button_press	2	43973
85.92578125	0.0	button_press	2	43994
86.083984375	0.0	button_press	2	44075
86.109375	0.0	button_press	2	44088
86.162109375	0.0	button_press	2	44115
86.267578125	0.0	button_press	2	44169
86.38671875	0.0	button_press	2	44230
86.4921875	0.0	button_press	2	44284
86.55859375	0.0	button_press	2	44318
86.583984375	0.0	button_press	2	44331
86.681640625	0.0	button_press	2	44381
86.99609375	0.0	button_press	2	44542
87.0234375	0.0	button_press	2	44556
87.10546875	0.0	button_press	2	44598
87.146484375	0.0	button_press	2	44619
87.173828125	0.0	button_press	2	44633
87.25	0.0	button_press	2	44672
87.28125	0.0	button_press	2	44688
87.376953125	0.0	button_press	2	44737
87.517578125	0.0	button_press	2	44809
87.56640625	0.0	button_press	2	44834
87.69140625	0.0	button_press	2	44898
87.8046875	0.0	button_press	2	44956
87.912109375	0.0	button_press	2	45011
87.953125	0.0	button_press	2	45032
88.2109375	0.0	button_press	2	45164
88.318359375	0.0	button_press	2	45219
88.353515625	0.0	button_press	2	45237
88.470703125	0.0	button_press	2	45297
88.60546875	0.0	button_press	2	45366
88.65625	0.0	button_press	2	45392
88.69140625	0.0	button_press	2	45410
88.73828125	0.0	button_press	2	45434
88.8046875	0.0	button_press	2	45468
88.84375	0.0	button_press	2	45488
88.90234375	0.0	button_press	2	45518
89.0078125	0.0	button_press	2	45572
89.06640625	0.0	button_press	2	45602
89.326171875	0.0	button_press	2	45735
89.357421875	0.0	button_press	2	45751
89.505859375	0.0	button_press	2	45827
89.53125	0.0	button_press	2	45840
89.556640625	0.0	button_press	2	45853
89.578125	0.0	button_press	2	45864
89.626953125	0.0	button_press	2	45889
89.65234375	0.0	button_press	2	45902
89.8515625	0.0	button_press	2	46004
89.876953125	0.0	button_press	2	46017
89.90625	0.0	button_press	2	46032
89.966796875	0.0	button_press	2	46063
90.00390625	0.0	button_press	2	46082
90.064453125	0.0	button_press	2	46113
90.087890625	0.0	button_press	2	46125
90.123046875	0.0	button_press	2	46143
90.16015625	0.0	button_press	2	46162
90.19140625	0.0	button_press	2	46178
90.263671875	0.0	button_press	2	46215
90.400390625	0.0	button_press	2	46285
90.46875	0.0	button_press	2	46320
90.62109375	0.0	button_press	2	46398
90.748046875	0.0	button_press	2	46463
90.783203125	0.0	button_press	2	46481
90.9921875	0.0	button_press	2	46588
91.048828125	0.0	button_press	2	46617
91.12890625	0.0	button_press	2	46658
91.158203125	0.0	button_press	2	46673
91.19140625	0.0	button_press	2	46690
91.388671875	0.0	button_press	2	46791
91.486328125	0.0	button_press	2	46841
91.65234375	0.0	button_press	2	46926
91.6875	0.0	button_press	2	46944
91.7734375	0.0	button_press	2	46988
91.912109375	0.0	button_press	2	47059
91.953125	0.0	button_press	2	47080
91.982421875	0.0	button_press	2	47095
92.048828125	0.0	button_press	2	47129
92.08984375	0.0	button_press	2	47150
92.13671875	0.0	button_press	2	47174
92.162109375	0.0	button_press	2	47187
92.232421875	0.0	button_press	2	47223
92.279296875	0.0	button_press	2	47247
92.384765625	0.0	button_press	2	47301
92.41015625	0.0	button_press	2	47314
92.451171875	0.0	button_press	2	47335
92.48828125	0.0	button_press	2	47354
92.599609375	0.0	button_press	2	47411
92.65234375	0.0	button_press	2	47438
92.755859375	0.0	button_press	2	47491
93.03515625	0.0	button_press	2	47634
93.072265625	0.0	button_press	2	47653
93.095703125	0.0	button_press	2	47665
93.30859375	0.0	button_press	2	47774
93.349609375	0.0	button_press	2	47795
93.43359375	0.0	button_press	2	47838
93.515625	0.0	button_press	2	47880
93.5859375	0.0	button_press	2	47916
93.609375	0.0	button_press	2	47928
93.673828125	0.0	button_press	2	47961
93.7421875	0.0	button_press	2	47996
93.837890625	0.0	button_press	2	48045
93.876953125	0.0	button_press	2	48065
93.90234375	0.0	button_press	2	48078
94.048828125	0.0	button_press	2	48153
94.09765625	0.0	button_press	2	48178
94.205078125	0.0	button_press	2	48233
94.30078125	0.0	button_press	2	48282
94.322265625	0.0	button_press	2	48293
94.361328125	0.0	button_press	2	48313
94.39453125	0.0	button_press	2	48330
94.451171875	0.0	button_press	2	48359
94.501953125	0.0	button_press	2	48385
94.53125	0.0	button_press	2	48400
94.583984375	0.0	button_press	2	48427
94.662109375	0.0	button_press	2	48467
94.76953125	0.0	button_press	2	48522
94.904296875	0.0	button_press	2	48591
94.939453125	0.0	button_press	2	48609
95.025390625	0.0	button_press	2	48653
95.197265625	0.0	button_press	2	48741
95.412109375	0.0	button_press	2	48851
95.447265625	0.0	button_press	2	48869
95.498046875	0.0	button_press	2	48895
95.62109375	0.0	button_press	2	48958
95.6484375	0.0	button_press	2	48972
95.669921875	0.0	button_press	2	48983
95.703125	0.0	button_press	2	49000
95.841796875	0.0	button_press	2	49071
95.869140625	0.0	button_press	2	49085
95.98828125	0.0	button_press	2	49146
96.052734375	0.0	button_press	2	49179
96.087890625	0.0	button_press	2	49197
96.244140625	0.0	button_press	2	49277
96.32421875	0.0	button_press	2	49318
96.408203125	0.0	button_press	2	49361
96.521484375	0.0	button_press	2	49419
96.619140625	0.0	button_press	2	49469
96.658203125	0.0	button_press	2	49489
96.734375	0.0	button_press	2	49528
96.763671875	0.0	button_press	2	49543
96.794921875	0.0	button_press	2	49559
96.833984375	0.0	button_press	2	49579
96.89453125	0.0	button_press	2	49610
96.978515625	0.0	button_press	2	49653
97.162109375	0.0	button_press	2	49747
97.251953125	0.0	button_press	2	49793
97.314453125	0.0	button_press	2	49825
97.34375	0.0	button_press	2	49840
97.3984375	0.0	button_press	2	49868
97.427734375	0.0	button_press	2	49883
97.50390625	0.0	button_press	2	49922
97.529296875	0.0	button_press	2	49935
97.638671875	0.0	button_press	2	49991
97.68359375	0.0	button_press	2	50014
97.740234375	0.0	button_press	2	50043
97.810546875	0.0	button_press	2	50079
97.90625	0.0	button_press	2	50128
98.060546875	0.0	button_press	2	50207
98.306640625	0.0	button_press	2	50333
98.3515625	0.0	button_press	2	50356
98.380859375	0.0	button_press	2	50371
98.470703125	0.0	button_press	2	50417
98.49609375	0.0	button_press	2	50430
98.59765625	0.0	button_press	2	50482
98.650390625	0.0	button_press	2	50509
98.673828125	0.0	button_press	2	50521
98.779296875	0.0	button_press	2	50575
98.80078125	0.0	button_press	2	50586
98.884765625	0.0	button_press	2	50629
98.96875	0.0	button_press	2	50672
99.09765625	0.0	button_press	2	50738
99.134765625	0.0	button_press	2	50757
99.189453125	0.0	button_press	2	50785
99.234375	0.0	button_press	2	50808
99.26171875	0.0	button_press	2	50822
99.2890625	0.0	button_press	2	50836
99.31640625	0.0	button_press	2	50850
99.34375	0.0	button_press	2	50864
99.388671875	0.0	button_press	2	50887
99.423828125	0.0	button_press	2	50905
99.47265625	0.0	button_press	2	50930
99.5078125	0.0	button_press	2	50948
99.53125	0.0	button_press	2	50960
99.626953125	0.0	button_press	2	51009
99.6796875	0.0	button_press	2	51036
99.767578125	0.0	button_press	2	51081
99.90234375	0.0	button_press	2	51150
100.01171875	0.0	button_press	2	51206
100.03515625	0.0	button_press	2	51218
100.189453125	0.0	button_press	2	51297
100.212890625	0.0	button_press	2	51309
100.37890625	0.0	button_press	2	51394
100.552734375	0.0	button_press	2	51483
100.60546875	0.0	button_press	2	51510
100.634765625	0.0	button_press	2	51525
100.65625	0.0	button_press	2	51536
100.75	0.0	button_press	2	51584
100.787109375	0.0	button_press	2	51603
101.068359375	0.0	button_press	2	51747
101.201171875	0.0	button_press	2	51815
101.2421875	0.0	button_press	2	51836
101.298828125	0.0	button_press	2	51865
101.349609375	0.0	button_press	2	51891
101.416015625	0.0	button_press	2	51925
101.474609375	0.0	button_press	2	51955
101.62109375	0.0	button_press	2	52030
101.724609375	0.0	button_press	2	52083
101.763671875	0.0	button_press	2	52103
101.82421875	0.0	button_press	2	52134
101.998046875	0.0	button_press	2	52223
102.060546875	0.0	button_press	2	52255
102.1328125	0.0	button_press	2	52292
102.189453125	0.0	button_press	2	52321
102.234375	0.0	button_press	2	52344
102.275390625	0.0	button_press	2	52365
102.30859375	0.0	button_press	2	52382
102.33984375	0.0	button_press	2	52398
102.380859375	0.0	button_press	2	52419
102.439453125	0.0	button_press	2	52449
102.53515625	0.0	button_press	2	52498
102.681640625	0.0	button_press	2	52573
102.76953125	0.0	button_press	2	52618
102.79296875	0.0	button_press	2	52630
102.822265625	0.0	button_press	2	52645
102.859375	0.0	button_press	2	52664
102.89453125	0.0	button_press	2	52682
103.04296875	0.0	button_press	2	52758
103.06640625	0.0	button_press	2	52770
103.103515625	0.0	button_press	2	52789
103.1875	0.0	button_press	2	52832
103.25	0.0	button_press	2	52864
103.296875	0.0	button_press	2	52888
103.51171875	0.0	button_press	2	52998
103.548828125	0.0	button_press	2	53017
103.595703125	0.0	button_press	2	53041
103.630859375	0.0	button_press	2	53059
103.705078125	0.0	button_press	2	53097
103.779296875	0.0	button_press	2	53135
103.80859375	0.0	fixation_cross	1	53150
103.98046875	0.0	button_press	2	53238
104.037109375	0.0	button_press	2	53267
104.06640625	0.0	button_press	2	53282
104.193359375	0.0	button_press	2	53347
104.255859375	0.0	button_press	2	53379
104.29296875	0.0	button_press	2	53398
104.345703125	0.0	button_press	2	53425
104.37890625	0.0	button_press	2	53442
104.4921875	0.0	button_press	2	53500
104.533203125	0.0	button_press	2	53521
104.6953125	0.0	button_press	2	53604
104.796875	0.0	button_press	2	53656
104.904296875	0.0	button_press	2	53711
104.9609375	0.0	button_press	2	53740
105.0390625	0.0	button_press	2	53780
105.142578125	0.0	button_press	2	53833
105.1875	0.0	button_press	2	53856
105.2265625	0.0	button_press	2	53876
105.310546875	0.0	button_press	2	53919
105.3359375	0.0	button_press	2	53932
105.37890625	0.0	button_press	2	53954
105.458984375	0.0	button_press	2	53995
105.6015625	0.0	button_press	2	54068
105.662109375	0.0	button_press	2	54099
105.751953125	0.0	button_press	2	54145
105.78515625	0.0	button_press	2	54162
105.833984375	0.0	button_press	2	54187
105.86328125	0.0	button_press	2	54202
105.982421875	0.0	button_press	2	54263
106.01171875	0.0	button_press	2	54278
106.0625	0.0	button_press	2	54304
106.189453125	0.0	button_press	2	54369
106.2265625	0.0	button_press	2	54388
106.298828125	0.0	button_press	2	54425
106.373046875	0.0	button_press	2	54463
106.408203125	0.0	button_press	2	54481
106.55859375	0.0	button_press	2	54558
106.611328125	0.0	button_press	2	54585
106.728515625	0.0	button_press	2	54645
106.8828125	0.0	button_press	2	54724
106.9453125	0.0	button_press	2	54756
107.013671875	0.0	button_press	2	54791
107.1875	0.0	button_press	2	54880
107.30859375	0.0	button_press	2	54942
107.40625	0.0	button_press	2	54992
107.5234375	0.0	button_press	2	55052
107.6875	0.0	button_press	2	55136
107.765625	0.0	button_press	2	55176
107.84765625	0.0	button_press	2	55218
107.908203125	0.0	button_press	2	55249
107.953125	0.0	button_press	2	55272
108.130859375	0.0	button_press	2	55363
108.15234375	0.0	button_press	2	55374
108.208984375	0.0	button_press	2	55403
108.26171875	0.0	button_press	2	55430
108.5	0.0	button_press	2	55552
108.75	0.0	button_press	2	55680
108.8515625	0.0	button_press	2	55732
108.96484375	0.0	button_press	2	55790
109.029296875	0.0	button_press	2	55823
109.1015625	0.0	button_press	2	55860
109.193359375	0.0	button_press	2	55907
109.2265625	0.0	button_press	2	55924
109.25	0.0	button_press	2	55936
109.37890625	0.0	button_press	2	56002
109.44921875	0.0	button_press	2	56038
109.60546875	0.0	button_press	2	56118
109.65625	0.0	button_press	2	56144
109.7109375	0.0	button_press	2	56172
109.826171875	0.0	button_press	2	56231
109.904296875	0.0	button_press	2	56271
110.0078125	0.0	button_press	2	56324
110.076171875	0.0	button_press	2	56359
110.349609375	0.0	button_press	2	56499
110.435546875	0.0	fixation_cross	1	56543
110.50390625	0.0	button_press	2	56578
110.578125	0.0	button_press	2	56616
110.712890625	0.0	button_press	2	56685
110.81640625	0.0	button_press	2	56738
110.837890625	0.0	button_press	2	56749
110.88671875	0.0	button_press	2	56774
110.9453125	0.0	button_press	2	56804
111.0078125	0.0	button_press	2	56836
111.115234375	0.0	button_press	2	56891
111.177734375	0.0	button_press	2	56923
111.21875	0.0	button_press	2	56944
111.3359375	0.0	button_press	2	57004
111.37890625	0.0	button_press	2	57026
111.4609375	0.0	button_press	2	57068
111.541015625	0.0	button_press	2	57109
111.759765625	0.0	button_press	2	57221
111.927734375	0.0	button_press	2	57307
111.953125	0.0	button_press	2	57320
112.046875	0.0	button_press	2	57368
112.1171875	0.0	fixation_cross	1	57404
112.2265625	0.0	button_press	2	57460
112.2734375	0.0	button_press	2	57484
112.361328125	0.0	button_press	2	57529
112.50390625	0.0	button_press	2	57602
112.693359375	0.0	button_press	2	57699
112.732421875	0.0	button_press	2	57719
112.8046875	0.0	button_press	2	57756
112.861328125	0.0	button_press	2	57785
112.916015625	0.0	button_press	2	57813
112.94921875	0.0	button_press	2	57830
112.998046875	0.0	button_press	2	57855
113.064453125	0.0	button_press	2	57889
113.1171875	0.0	button_press	2	57916
113.2734375	0.0	button_press	2	57996
113.322265625	0.0	button_press	2	58021
113.34765625	0.0	button_press	2	58034
113.38671875	0.0	button_press	2	58054
113.498046875	0.0	button_press	2	58111
113.677734375	0.0	button_press	2	58203
113.744140625	0.0	button_press	2	58237
113.837890625	0.0	button_press	2	58285
113.91015625	0.0	button_press	2	58322
114.013671875	0.0	button_press	2	58375
114.197265625	0.0	button_press	2	58469
114.50390625	0.0	button_press	2	58626
114.5625	0.0	button_press	2	58656
114.61328125	0.0	button_press	2	58682
114.646484375	0.0	button_press	2	58699
114.677734375	0.0	button_press	2	58715
114.81640625	0.0	button_press	2	58786
114.865234375	0.0	button_press	2	58811
114.88671875	0.0	button_press	2	58822
114.93359375	0.0	button_press	2	58846
115.076171875	0.0	button_press	2	58919
115.16015625	0.0	button_press	2	58962
115.271484375	0.0	button_press	2	59019
115.32421875	0.0	button_press	2	59046
115.369140625	0.0	button_press	2	59069
115.51953125	0.0	button_press	2	59146
115.59765625	0.0	button_press	2	59186
115.650390625	0.0	button_press	2	59213
115.681640625	0.0	button_press	2	59229
115.990234375	0.0	button_press	2	59387
116.060546875	0.0	button_press	2	59423
116.142578125	0.0	button_press	2	59465
116.259765625	0.0	button_press	2	59525
116.349609375	0.0	button_press	2	59571
116.486328125	0.0	button_press	2	59641
116.5859375	0.0	button_press	2	59692
116.623046875	0.0	button_press	2	59711
116.65234375	0.0	button_press	2	59726
116.681640625	0.0	button_press	2	59741
116.775390625	0.0	button_press	2	59789
116.84765625	0.0	button_press	2	59826
116.9375	0.0	button_press	2	59872
117.083984375	0.0	button_press	2	59947
117.400390625	0.0	button_press	2	60109
117.490234375	0.0	button_press	2	60155
117.5234375	0.0	button_press	2	60172
117.6484375	0.0	button_press	2	60236
117.705078125	0.0	button_press	2	60265
117.79296875	0.0	button_press	2	60310
117.884765625	0.0	button_press	2	60357
117.953125	0.0	button_press	2	60392
118.078125	0.0	button_press	2	60456
118.1015625	0.0	button_press	2	60468
118.12890625	0.0	button_press	2	60482
118.275390625	0.0	button_press	2	60557
118.390625	0.0	button_press	2	60616
118.431640625	0.0	button_press	2	60637
118.546875	0.0	button_press	2	60696
118.59765625	0.0	button_press	2	60722
118.689453125	0.0	button_press	2	60769
118.810546875	0.0	button_press	2	60831
118.837890625	0.0	button_press	2	60845
118.875	0.0	button_press	2	60864
119.060546875	0.0	button_press	2	60959
119.115234375	0.0	button_press	2	60987
119.294921875	0.0	button_press	2	61079
119.572265625	0.0	button_press	2	61221
119.6484375	0.0	button_press	2	61260
119.837890625	0.0	button_press	2	61357
120.109375	0.0	button_press	2	61496
120.373046875	0.0	button_press	2	61631
120.41796875	0.0	button_press	2	61654
120.48828125	0.0	button_press	2	61690
120.5234375	0.0	button_press	2	61708
121.091796875	0.0	button_press	2	61999
121.1796875	0.0	button_press	2	62044
121.5234375	0.0	button_press	2	62220
121.59375	0.0	button_press	2	62256
121.615234375	0.0	button_press	2	62267
121.6484375	0.0	button_press	2	62284
121.740234375	0.0	button_press	2	62331
121.796875	0.0	button_press	2	62360
121.8203125	0.0	button_press	2	62372
121.869140625	0.0	button_press	2	62397
121.9140625	0.0	button_press	2	62420
121.9375	0.0	button_press	2	62432
122.318359375	0.0	button_press	2	62627
122.37109375	0.0	button_press	2	62654
122.392578125	0.0	button_press	2	62665
122.576171875	0.0	button_press	2	62759
122.810546875	0.0	button_press	2	62879
122.859375	0.0	button_press	2	62904
122.916015625	0.0	button_press	2	62933
122.958984375	0.0	button_press	2	62955
123.06640625	0.0	button_press	2	63010
123.09375	0.0	button_press	2	63024
123.154296875	0.0	button_press	2	63055
123.185546875	0.0	button_press	2	63071
123.38671875	0.0	button_press	2	63174
123.431640625	0.0	button_press	2	63197
123.5	0.0	button_press	2	63232
123.6484375	0.0	button_press	2	63308
123.69921875	0.0	fixation_cross	1	63334
123.7265625	0.0	button_press	2	63348
123.78515625	0.0	button_press	2	63378
124.0	0.0	button_press	2	63488
124.3203125	0.0	button_press	2	63652
124.498046875	0.0	button_press	2	63743
124.619140625	0.0	button_press	2	63805
124.81640625	0.0	button_press	2	63906
125.2578125	0.0	button_press	2	64132
125.28515625	0.0	button_press	2	64146
125.359375	0.0	button_press	2	64184
125.3671875	0.0	fixation_cross	1	64188
125.515625	0.0	button_press	2	64264
125.62109375	0.0	button_press	2	64318
125.646484375	0.0	button_press	2	64331
125.744140625	0.0	button_press	2	64381
125.8984375	0.0	button_press	2	64460
125.97265625	0.0	button_press	2	64498
126.013671875	0.0	button_press	2	64519
126.064453125	0.0	button_press	2	64545
126.2265625	0.0	button_press	2	64628
126.255859375	0.0	button_press	2	64643
126.3828125	0.0	button_press	2	64708
126.48046875	0.0	button_press	2	64758
126.490234375	0.0	fixation_cross	1	64763
126.583984375	0.0	button_press	2	64811
126.66015625	0.0	button_press	2	64850
127.015625	0.0	button_press	2	65032
127.1015625	0.0	button_press	2	65076
127.1640625	0.0	button_press	2	65108
127.208984375	0.0	button_press	2	65131
127.3359375	0.0	button_press	2	65196
127.384765625	0.0	button_press	2	65221
127.43359375	0.0	button_press	2	65246
127.546875	0.0	button_press	2	65304
127.7109375	0.0	button_press	2	65388
127.751953125	0.0	button_press	2	65409
127.8515625	0.0	fixation_cross	1	65460
127.875	0.0	button_press	2	65472
127.90625	0.0	button_press	2	65488
128.220703125	0.0	button_press	2	65649
128.298828125	0.0	button_press	2	65689
128.37109375	0.0	button_press	2	65726
128.537109375	0.0	button_press	2	65811
128.62890625	0.0	button_press	2	65858
128.724609375	0.0	button_press	2	65907
128.869140625	0.0	button_press	2	65981
128.892578125	0.0	button_press	2	65993
128.94921875	0.0	button_press	2	66022
129.046875	0.0	button_press	2	66072
129.14453125	0.0	button_press	2	66122
129.248046875	0.0	button_press	2	66175
129.375	0.0	button_press	2	66240
129.552734375	0.0	button_press	2	66331
129.6875	0.0	button_press	2	66400
129.736328125	0.0	button_press	2	66425
129.81640625	0.0	button_press	2	66466
130.123046875	0.0	button_press	2	66623
130.205078125	0.0	button_press	2	66665
130.228515625	0.0	button_press	2	66677
130.369140625	0.0	button_press	2	66749
130.43359375	0.0	button_press	2	66782
130.84765625	0.0	button_press	2	66994
130.962890625	0.0	button_press	2	67053
131.13671875	0.0	button_press	2	67142
131.337890625	0.0	button_press	2	67245
131.416015625	0.0	button_press	2	67285
131.478515625	0.0	button_press	2	67317
131.625	0.0	button_press	2	67392
131.888671875	0.0	button_press	2	67527
131.98046875	0.0	button_press	2	67574
132.0234375	0.0	button_press	2	67596
132.099609375	0.0	button_press	2	67635
132.263671875	0.0	button_press	2	67719
132.33984375	0.0	button_press	2	67758
132.6171875	0.0	button_press	2	67900
132.712890625	0.0	button_press	2	67949
132.77734375	0.0	fixation_cross	1	67982
132.92578125	0.0	button_press	2	68058
133.013671875	0.0	button_press	2	68103
133.130859375	0.0	button_press	2	68163
133.173828125	0.0	button_press	2	68185
133.580078125	0.0	button_press	2	68393
133.611328125	0.0	button_press	2	68409
133.6484375	0.0	button_press	2	68428
133.970703125	0.0	button_press	2	68593
134.064453125	0.0	button_press	2	68641
134.216796875	0.0	button_press	2	68719
134.279296875	0.0	button_press	2	68751
134.353515625	0.0	button_press	2	68789
134.58203125	0.0	button_press	2	68906
134.68359375	0.0	button_press	2	68958
134.982421875	0.0	button_press	2	69111
135.158203125	0.0	button_press	2	69201
135.291015625	0.0	button_press	2	69269
135.3359375	0.0	button_press	2	69292
135.494140625	0.0	button_press	2	69373
135.5390625	0.0	fixation_cross	1	69396
135.609375	0.0	button_press	2	69432
135.7578125	0.0	button_press	2	69508
135.78125	0.0	button_press	2	69520
135.82421875	0.0	button_press	2	69542
135.88671875	0.0	button_press	2	69574
136.005859375	0.0	button_press	2	69635
136.08984375	0.0	button_press	2	69678
136.189453125	0.0	button_press	2	69729
136.33984375	0.0	button_press	2	69806
136.689453125	0.0	button_press	2	69985
136.841796875	0.0	button_press	2	70063
136.94140625	0.0	button_press	2	70114
137.36328125	0.0	button_press	2	70330
137.4140625	0.0	button_press	2	70356
137.505859375	0.0	button_press	2	70403
137.5703125	0.0	button_press	2	70436
137.603515625	0.0	button_press	2	70453
137.65234375	0.0	button_press	2	70478
137.6796875	0.0	button_press	2	70492
137.943359375	0.0	button_press	2	70627
138.04296875	0.0	button_press	2	70678
138.11328125	0.0	button_press	2	70714
138.173828125	0.0	button_press	2	70745
138.197265625	0.0	button_press	2	70757
138.37890625	0.0	button_press	2	70850
138.419921875	0.0	button_press	2	70871
138.61328125	0.0	button_press	2	70970
138.982421875	0.0	button_press	2	71159
139.076171875	0.0	button_press	2	71207
139.34765625	0.0	button_press	2	71346
139.5078125	0.0	button_press	2	71428
139.5859375	0.0	fixation_cross	1	71468
139.64453125	0.0	button_press	2	71498
139.72265625	0.0	button_press	2	71538
140.1875	0.0	button_press	2	71776
140.2421875	0.0	button_press	2	71804
140.26171875	0.0	fixation_cross	1	71814
140.28125	0.0	button_press	2	71824
140.517578125	0.0	button_press	2	71945
140.751953125	0.0	button_press	2	72065
140.80078125	0.0	button_press	2	72090
141.556640625	0.0	button_press	2	72477
141.595703125	0.0	button_press	2	72497
141.72265625	0.0	button_press	2	72562
141.779296875	0.0	button_press	2	72591
141.916015625	0.0	button_press	2	72661
141.9921875	0.0	button_press	2	72700
142.015625	0.0	button_press	2	72712
142.06640625	0.0	fixation_cross	1	72738
142.431640625	0.0	button_press	2	72925
142.466796875	0.0	button_press	2	72943
142.5	0.0	button_press	2	72960
142.521484375	0.0	button_press	2	72971
142.5625	0.0	button_press	2	72992
142.970703125	0.0	button_press	2	73201
143.23828125	0.0	button_press	2	73338
143.26953125	0.0	button_press	2	73354
143.35546875	0.0	fixation_cross	1	73398
143.462890625	0.0	button_press	2	73453
143.51953125	0.0	button_press	2	73482
143.984375	0.0	fixation_cross	1	73720
144.271484375	0.0	button_press	2	73867
144.3984375	0.0	button_press	2	73932
144.568359375	0.0	button_press	2	74019
144.7421875	0.0	button_press	2	74108
144.814453125	0.0	button_press	2	74145
144.970703125	0.0	button_press	2	74225
145.0078125	0.0	button_press	2	74244
145.09765625	0.0	button_press	2	74290
145.134765625	0.0	button_press	2	74309
145.3203125	0.0	button_press	2	74404
145.419921875	0.0	button_press	2	74455
145.62890625	0.0	button_press	2	74562
145.88671875	0.0	button_press	2	74694
145.94140625	0.0	button_press	2	74722
146.08203125	0.0	button_press	2	74794
146.212890625	0.0	button_press	2	74861
146.34765625	0.0	button_press	2	74930
146.66015625	0.0	button_press	2	75090
146.916015625	0.0	button_press	2	75221
147.34375	0.0	button_press	2	75440
147.41796875	0.0	button_press	2	75478
147.626953125	0.0	button_press	2	75585
147.869140625	0.0	button_press	2	75709
147.890625	0.0	button_press	2	75720
147.912109375	0.0	fixation_cross	1	75731
147.94140625	0.0	button_press	2	75746
147.984375	0.0	fixation_cross	1	75768
148.080078125	0.0	button_press	2	75817
148.119140625	0.0	button_press	2	75837
148.37890625	0.0	button_press	2	75970
148.421875	0.0	button_press	2	75992
148.724609375	0.0	button_press	2	76147
148.783203125	0.0	button_press	2	76177
148.84375	0.0	button_press	2	76208
148.8671875	0.0	fixation_cross	1	76220
149.037109375	0.0	button_press	2	76307
149.236328125	0.0	button_press	2	76409
149.408203125	0.0	button_press	2	76497
149.59375	0.0	fixation_cross	1	76592
149.61328125	0.0	button_press	2	76602
149.67578125	0.0	fixation_cross	1	76634
150.37109375	0.0	button_press	2	76990
150.470703125	0.0	button_press	2	77041
150.525390625	0.0	button_press	2	77069
150.587890625	0.0	button_press	2	77101
150.61328125	0.0	button_press	2	77114
150.7265625	0.0	button_press	2	77172
150.76953125	0.0	button_press	2	77194
151.3359375	0.0	button_press	2	77484
151.34375	0.0	fixation_cross	1	77488
151.533203125	0.0	button_press	2	77585
151.84375	0.0	button_press	2	77744
151.873046875	0.0	button_press	2	77759
151.908203125	0.0	button_press	2	77777
152.052734375	0.0	button_press	2	77851
152.1015625	0.0	button_press	2	77876
152.1171875	0.0	fixation_cross	1	77884
152.4609375	0.0	button_press	2	78060
152.599609375	0.0	fixation_cross	1	78131
152.6328125	0.0	button_press	2	78148
152.6640625	0.0	button_press	2	78164
152.810546875	0.0	fixation_cross	1	78239
152.84375	0.0	button_press	2	78256
152.9609375	0.0	button_press	2	78316
153.064453125	0.0	button_press	2	78369
153.1015625	0.0	button_press	2	78388
153.18359375	0.0	fixation_cross	1	78430
153.392578125	0.0	button_press	2	78537
153.48046875	0.0	button_press	2	78582
153.5390625	0.0	button_press	2	78612
153.5625	0.0	button_press	2	78624
153.642578125	0.0	button_press	2	78665
153.736328125	0.0	button_press	2	78713
153.837890625	0.0	button_press	2	78765
154.16015625	0.0	button_press	2	78930
154.255859375	0.0	fixation_cross	1	78979
154.28125	0.0	button_press	2	78992
154.376953125	0.0	button_press	2	79041
154.677734375	0.0	button_press	2	79195
154.841796875	0.0	button_press	2	79279
155.0078125	0.0	button_press	2	79364
155.056640625	0.0	fixation_cross	1	79389
155.119140625	0.0	fixation_cross	1	79421
155.291015625	0.0	button_press	2	79509
155.642578125	0.0	button_press	2	79689
155.84375	0.0	button_press	2	79792
155.919921875	0.0	button_press	2	79831
156.224609375	0.0	fixation_cross	1	79987
156.27734375	0.0	button_press	2	80014
156.353515625	0.0	fixation_cross	1	80053
156.419921875	0.0	button_press	2	80087
156.59765625	0.0	button_press	2	80178
156.732421875	0.0	button_press	2	80247
156.931640625	0.0	button_press	2	80349
156.986328125	0.0	button_press	2	80377
157.126953125	0.0	fixation_cross	1	80449
157.384765625	0.0	button_press	2	80581
157.59765625	0.0	fixation_cross	1	80690
157.654296875	0.0	button_press	2	80719
157.7421875	0.0	fixation_cross	1	80764
158.0	0.0	fixation_cross	1	80896
158.4453125	0.0	button_press	2	81124
158.455078125	0.0	fixation_cross	1	81129
158.466796875	0.0	button_press	2	81135
158.630859375	0.0	fixation_cross	1	81219
158.728515625	0.0	fixation_cross	1	81269
158.951171875	0.0	button_press	2	81383
159.318359375	0.0	fixation_cross	1	81571
159.455078125	0.0	fixation_cross	1	81641
159.53125	0.0	fixation_cross	1	81680
159.53515625	0.0	button_press	2	81682
159.763671875	0.0	fixation_cross	1	81799
159.78515625	0.0	button_press	2	81810
159.83984375	0.0	fixation_cross	1	81838
160.10546875	0.0	button_press	2	81974
160.583984375	0.0	button_press	2	82219
160.638671875	0.0	button_press	2	82247
160.70703125	0.0	button_press	2	82282
160.84375	0.0	button_press	2	82352
161.060546875	0.0	button_press	2	82463
161.162109375	0.0	fixation_cross	1	82515
161.30078125	0.0	button_press	2	82586
161.359375	0.0	button_press	2	82616
161.447265625	0.0	button_press	2	82661
161.51953125	0.0	button_press	2	82698
161.94140625	0.0	button_press	2	82914
161.98828125	0.0	button_press	2	82938
162.1171875	0.0	fixation_cross	1	83004
162.216796875	0.0	button_press	2	83055
162.595703125	0.0	button_press	2	83249
162.640625	0.0	fixation_cross	1	83272
162.728515625	0.0	fixation_cross	1	83317
162.921875	0.0	fixation_cross	1	83416
162.931640625	0.0	button_press	2	83421
162.98046875	0.0	button_press	2	83446
162.984375	0.0	fixation_cross	1	83448
163.19140625	0.0	button_press	2	83554
163.505859375	0.0	button_press	2	83715
163.775390625	0.0	fixation_cross	1	83853
163.841796875	0.0	button_press	2	83887
164.078125	0.0	button_press	2	84008
164.126953125	0.0	fixation_cross	1	84033
164.130859375	0.0	button_press	2	84035
164.201171875	0.0	button_press	2	84071
164.296875	0.0	button_press	2	84120
164.36328125	0.0	fixation_cross	1	84154
164.431640625	0.0	button_press	2	84189
164.54296875	0.0	fixation_cross	1	84246
164.916015625	0.0	button_press	2	84437
165.107421875	0.0	button_press	2	84535
165.1328125	0.0	fixation_cross	1	84548
165.177734375	0.0	button_press	2	84571
165.2734375	0.0	button_press	2	84620
165.353515625	0.0	fixation_cross	1	84661
165.388671875	0.0	fixation_cross	1	84679
165.509765625	0.0	button_press	2	84741
165.724609375	0.0	button_press	2	84851
165.767578125	0.0	button_press	2	84873
165.89453125	0.0	button_press	2	84938
166.01171875	0.0	button_press	2	84998
166.068359375	0.0	fixation_cross	1	85027
166.130859375	0.0	fixation_cross	1	85059
166.18359375	0.0	fixation_cross	1	85086
166.2421875	0.0	button_press	2	85116
166.361328125	0.0	fixation_cross	1	85177
166.560546875	0.0	fixation_cross	1	85279
166.62109375	0.0	fixation_cross	1	85310
166.8203125	0.0	button_press	2	85412
166.845703125	0.0	button_press	2	85425
166.9765625	0.0	fixation_cross	1	85492
167.00390625	0.0	fixation_cross	1	85506
167.244140625	0.0	button_press	2	85629
167.29296875	0.0	fixation_cross	1	85654
167.353515625	0.0	fixation_cross	1	85685
167.375	0.0	button_press	2	85696
167.716796875	0.0	fixation_cross	1	85871
167.818359375	0.0	button_press	2	85923
168.3984375	0.0	button_press	2	86220
168.671875	0.0	button_press	2	86360
169.1171875	0.0	fixation_cross	1	86588
169.169921875	0.0	fixation_cross	1	86615
169.2890625	0.0	fixation_cross	1	86676
169.515625	0.0	button_press	2	86792
169.759765625	0.0	button_press	2	86917
170.072265625	0.0	button_press	2	87077
170.130859375	0.0	fixation_cross	1	87107
170.341796875	0.0	button_press	2	87215
170.353515625	0.0	fixation_cross	1	87221
170.3984375	0.0	button_press	2	87244
170.41015625	0.0	fixation_cross	1	87250
170.52734375	0.0	button_press	2	87310
170.650390625	0.0	button_press	2	87373
170.671875	0.0	fixation_cross	1	87384
170.693359375	0.0	button_press	2	87395
170.880859375	0.0	button_press	2	87491
171.345703125	0.0	fixation_cross	1	87729
172.130859375	0.0	fixation_cross	1	88131
172.22265625	0.0	fixation_cross	1	88178
172.365234375	0.0	fixation_cross	1	88251
172.408203125	0.0	button_press	2	88273
172.583984375	0.0	fixation_cross	1	88363
172.69140625	0.0	fixation_cross	1	88418
172.70703125	0.0	button_press	2	88426
172.80859375	0.0	button_press	2	88478
173.01953125	0.0	fixation_cross	1	88586
173.126953125	0.0	fixation_cross	1	88641
173.18359375	0.0	fixation_cross	1	88670
173.1875	0.0	button_press	2	88672
173.712890625	0.0	button_press	2	88941
173.751953125	0.0	fixation_cross	1	88961
173.849609375	0.0	fixation_cross	1	89011
174.078125	0.0	button_press	2	89128
174.287109375	0.0	fixation_cross	1	89235
174.32421875	0.0	fixation_cross	1	89254
174.685546875	0.0	button_press	2	89439
174.9140625	0.0	fixation_cross	1	89556
175.02734375	0.0	button_press	2	89614
175.10546875	0.0	button_press	2	89654
175.146484375	0.0	fixation_cross	1	89675
175.54296875	0.0	fixation_cross	1	89878
175.564453125	0.0	fixation_cross	1	89889
175.630859375	0.0	fixation_cross	1	89923
175.677734375	0.0	button_press	2	89947
175.890625	0.0	fixation_cross	1	90056
176.162109375	0.0	fixation_cross	1	90195
176.166015625	0.0	button_press	2	90197
176.2421875	0.0	button_press	2	90236
176.58203125	0.0	button_press	2	90410
176.70703125	0.0	button_press	2	90474
176.755859375	0.0	fixation_cross	1	90499
176.818359375	0.0	button_press	2	90531
177.0546875	0.0	fixation_cross	1	90652
177.078125	0.0	fixation_cross	1	90664
177.1328125	0.0	fixation_cross	1	90692
177.162109375	0.0	fixation_cross	1	90707
177.232421875	0.0	fixation_cross	1	90743
177.365234375	0.0	fixation_cross	1	90811
177.775390625	0.0	fixation_cross	1	91021
177.83984375	0.0	fixation_cross	1	91054
178.22265625	0.0	fixation_cross	1	91250
179.01953125	0.0	fixation_cross	1	91658
179.05859375	0.0	fixation_cross	1	91678
179.1484375	0.0	fixation_cross	1	91724
179.23828125	0.0	fixation_cross	1	91770
179.400390625	0.0	button_press	2	91853
179.546875	0.0	fixation_cross	1	91928
179.6171875	0.0	fixation_cross	1	91964
179.658203125	0.0	button_press	2	91985
179.79296875	0.0	fixation_cross	1	92054
179.826171875	0.0	button_press	2	92071
179.876953125	0.0	fixation_cross	1	92097
179.921875	0.0	fixation_cross	1	92120
179.982421875	0.0	fixation_cross	1	92151
180.02734375	0.0	button_press	2	92174
180.0703125	0.0	fixation_cross	1	92196
180.130859375	0.0	fixation_cross	1	92227
180.263671875	0.0	fixation_cross	1	92295
180.42578125	0.0	button_press	2	92378
180.615234375	0.0	fixation_cross	1	92475
180.640625	0.0	fixation_cross	1	92488
180.67578125	0.0	fixation_cross	1	92506
180.830078125	0.0	fixation_cross	1	92585
180.9375	0.0	fixation_cross	1	92640
180.97265625	0.0	fixation_cross	1	92658
181.1015625	0.0	button_press	2	92724
181.29296875	0.0	fixation_cross	1	92822
181.455078125	0.0	fixation_cross	1	92905
181.478515625	0.0	fixation_cross	1	92917
181.4921875	0.0	button_press	2	92924
181.564453125	0.0	fixation_cross	1	92961
181.66796875	0.0	fixation_cross	1	93014
181.818359375	0.0	fixation_cross	1	93091
182.080078125	0.0	button_press	2	93225
182.115234375	0.0	fixation_cross	1	93243
182.150390625	0.0	fixation_cross	1	93261
182.341796875	0.0	fixation_cross	1	93359
182.470703125	0.0	button_press	2	93425
182.4765625	0.0	fixation_cross	1	93428
182.603515625	0.0	button_press	2	93493
182.8359375	0.0	button_press	2	93612
182.892578125	0.0	button_press	2	93641
182.986328125	0.0	button_press	2	93689
183.158203125	0.0	fixation_cross	1	93777
183.1796875	0.0	fixation_cross	1	93788
183.365234375	0.0	fixation_cross	1	93883
183.412109375	0.0	button_press	2	93907
183.5234375	0.0	button_press	2	93964
183.615234375	0.0	fixation_cross	1	94011
183.671875	0.0	fixation_cross	1	94040
183.865234375	0.0	fixation_cross	1	94139
183.9453125	0.0	fixation_cross	1	94180
184.033203125	0.0	fixation_cross	1	94225
184.115234375	0.0	fixation_cross	1	94267
184.154296875	0.0	fixation_cross	1	94287
184.3515625	0.0	fixation_cross	1	94388
184.4375	0.0	fixation_cross	1	94432
184.591796875	0.0	fixation_cross	1	94511
184.78125	0.0	button_press	2	94608
184.78515625	0.0	fixation_cross	1	94610
184.865234375	0.0	fixation_cross	1	94651
184.869140625	0.0	button_press	2	94653
185.03125	0.0	fixation_cross	1	94736
185.080078125	0.0	fixation_cross	1	94761
185.12890625	0.0	button_press	2	94786
185.171875	0.0	button_press	2	94808
185.40234375	0.0	fixation_cross	1	94926
185.5390625	0.0	button_press	2	94996
185.61328125	0.0	button_press	2	95034
185.9921875	0.0	fixation_cross	1	95228
186.001953125	0.0	button_press	2	95233
186.078125	0.0	fixation_cross	1	95272
186.3984375	0.0	button_press	2	95436
186.708984375	0.0	fixation_cross	1	95595
186.82421875	0.0	button_press	2	95654
186.9375	0.0	fixation_cross	1	95712
187.173828125	0.0	button_press	2	95833
187.328125	0.0	fixation_cross	1	95912
187.353515625	0.0	fixation_cross	1	95925
187.392578125	0.0	fixation_cross	1	95945
187.453125	0.0	fixation_cross	1	95976
187.765625	0.0	fixation_cross	1	96136
187.83203125	0.0	fixation_cross	1	96170
187.921875	0.0	fixation_cross	1	96216
187.982421875	0.0	fixation_cross	1	96247
188.154296875	0.0	fixation_cross	1	96335
188.234375	0.0	fixation_cross	1	96376
188.46484375	0.0	button_press	2	96494
188.521484375	0.0	button_press	2	96523
188.5859375	0.0	fixation_cross	1	96556
188.673828125	0.0	fixation_cross	1	96601
188.7578125	0.0	fixation_cross	1	96644
188.814453125	0.0	fixation_cross	1	96673
188.837890625	0.0	button_press	2	96685
189.17578125	0.0	fixation_cross	1	96858
189.4375	0.0	button_press	2	96992
189.75390625	0.0	fixation_cross	1	97154
190.01171875	0.0	button_press	2	97286
190.10546875	0.0	fixation_cross	1	97334
190.11328125	0.0	button_press	2	97338
190.1484375	0.0	fixation_cross	1	97356
190.1796875	0.0	fixation_cross	1	97372
190.205078125	0.0	fixation_cross	1	97385
190.3125	0.0	fixation_cross	1	97440
190.369140625	0.0	button_press	2	97469
190.39453125	0.0	fixation_cross	1	97482
190.490234375	0.0	fixation_cross	1	97531
190.83203125	0.0	fixation_cross	1	97706
190.869140625	0.0	button_press	2	97725
190.87890625	0.0	fixation_cross	1	97730
191.052734375	0.0	fixation_cross	1	97819
191.1171875	0.0	fixation_cross	1	97852
191.181640625	0.0	fixation_cross	1	97885
191.224609375	0.0	fixation_cross	1	97907
191.2421875	0.0	button_press	2	97916
191.35546875	0.0	fixation_cross	1	97974
191.509765625	0.0	fixation_cross	1	98053
191.5859375	0.0	fixation_cross	1	98092
191.623046875	0.0	fixation_cross	1	98111
191.8125	0.0	fixation_cross	1	98208
191.853515625	0.0	fixation_cross	1	98229
191.9375	0.0	fixation_cross	1	98272
192.017578125	0.0	fixation_cross	1	98313
192.15234375	0.0	button_press	2	98382
192.236328125	0.0	fixation_cross	1	98425
192.29296875	0.0	fixation_cross	1	98454
192.439453125	0.0	fixation_cross	1	98529
192.51953125	0.0	fixation_cross	1	98570
192.544921875	0.0	fixation_cross	1	98583
192.61328125	0.0	button_press	2	98618
192.638671875	0.0	fixation_cross	1	98631
192.697265625	0.0	fixation_cross	1	98661
192.740234375	0.0	fixation_cross	1	98683
192.87890625	0.0	fixation_cross	1	98754
192.96484375	0.0	fixation_cross	1	98798
193.0703125	0.0	fixation_cross	1	98852
193.130859375	0.0	fixation_cross	1	98883
193.1640625	0.0	fixation_cross	1	98900
193.560546875	0.0	fixation_cross	1	99103
193.685546875	0.0	button_press	2	99167
193.744140625	0.0	fixation_cross	1	99197
193.953125	0.0	fixation_cross	1	99304
194.09765625	0.0	fixation_cross	1	99378
194.333984375	0.0	button_press	2	99499
194.392578125	0.0	fixation_cross	1	99529
194.46875	0.0	fixation_cross	1	99568
194.4921875	0.0	fixation_cross	1	99580
194.703125	0.0	button_press	2	99688
194.8359375	0.0	button_press	2	99756
194.865234375	0.0	fixation_cross	1	99771
194.9765625	0.0	fixation_cross	1	99828
195.056640625	0.0	fixation_cross	1	99869
195.0859375	0.0	fixation_cross	1	99884
195.119140625	0.0	fixation_cross	1	99901
195.23828125	0.0	fixation_cross	1	99962
195.291015625	0.0	fixation_cross	1	99989
195.314453125	0.0	fixation_cross	1	100001
195.353515625	0.0	fixation_cross	1	100021
195.427734375	0.0	fixation_cross	1	100059
195.462890625	0.0	fixation_cross	1	100077
195.646484375	0.0	button_press	2	100171
195.673828125	0.0	fixation_cross	1	100185
196.005859375	0.0	button_press	2	100355
196.123046875	0.0	fixation_cross	1	100415
196.35546875	0.0	fixation_cross	1	100534
196.591796875	0.0	fixation_cross	1	100655
196.615234375	0.0	fixation_cross	1	100667
196.66796875	0.0	fixation_cross	1	100694
196.8359375	0.0	button_press	2	100780
197.091796875	0.0	button_press	2	100911
197.224609375	0.0	button_press	2	100979
197.275390625	0.0	fixation_cross	1	101005
197.302734375	0.0	fixation_cross	1	101019
197.337890625	0.0	fixation_cross	1	101037
197.36328125	0.0	fixation_cross	1	101050
197.44140625	0.0	fixation_cross	1	101090
197.4765625	0.0	fixation_cross	1	101108
197.634765625	0.0	fixation_cross	1	101189
197.69921875	0.0	fixation_cross	1	101222
197.8203125	0.0	fixation_cross	1	101284
197.876953125	0.0	fixation_cross	1	101313
198.025390625	0.0	fixation_cross	1	101389
198.1484375	0.0	fixation_cross	1	101452
198.171875	0.0	button_press	2	101464
198.275390625	0.0	fixation_cross	1	101517
198.353515625	0.0	fixation_cross	1	101557
198.453125	0.0	fixation_cross	1	101608
198.583984375	0.0	fixation_cross	1	101675
198.615234375	0.0	fixation_cross	1	101691
198.716796875	0.0	fixation_cross	1	101743
198.783203125	0.0	fixation_cross	1	101777
198.9375	0.0	fixation_cross	1	101856
198.982421875	0.0	fixation_cross	1	101879
199.01953125	0.0	fixation_cross	1	101898
199.10546875	0.0	fixation_cross	1	101942
199.177734375	0.0	fixation_cross	1	101979
199.21875	0.0	fixation_cross	1	102000
199.3125	0.0	fixation_cross	1	102048
199.416015625	0.0	fixation_cross	1	102101
199.6953125	0.0	fixation_cross	1	102244
199.7890625	0.0	fixation_cross	1	102292
199.931640625	0.0	fixation_cross	1	102365
200.1953125	0.0	button_press	2	102500
200.353515625	0.0	fixation_cross	1	102581
200.369140625	0.0	button_press	2	102589
200.466796875	0.0	fixation_cross	1	102639
200.537109375	0.0	fixation_cross	1	102675
200.615234375	0.0	fixation_cross	1	102715
200.830078125	0.0	fixation_cross	1	102825
200.841796875	0.0	button_press	2	102831
201.076171875	0.0	fixation_cross	1	102951
201.115234375	0.0	fixation_cross	1	102971
201.169921875	0.0	fixation_cross	1	102999
201.232421875	0.0	fixation_cross	1	103031
201.361328125	0.0	fixation_cross	1	103097
201.427734375	0.0	fixation_cross	1	103131
201.458984375	0.0	button_press	2	103147
201.591796875	0.0	fixation_cross	1	103215
201.615234375	0.0	fixation_cross	1	103227
201.638671875	0.0	fixation_cross	1	103239
201.658203125	0.0	button_press	2	103249
201.66796875	0.0	fixation_cross	1	103254
201.689453125	0.0	fixation_cross	1	103265
201.728515625	0.0	fixation_cross	1	103285
201.7734375	0.0	fixation_cross	1	103308
201.853515625	0.0	fixation_cross	1	103349
201.9375	0.0	fixation_cross	1	103392
202.00390625	0.0	fixation_cross	1	103426
202.029296875	0.0	fixation_cross	1	103439
202.115234375	0.0	fixation_cross	1	103483
202.2109375	0.0	fixation_cross	1	103532
202.232421875	0.0	fixation_cross	1	103543
202.34375	0.0	fixation_cross	1	103600
202.58984375	0.0	fixation_cross	1	103726
202.638671875	0.0	fixation_cross	1	103751
202.67578125	0.0	fixation_cross	1	103770
202.765625	0.0	button_press	2	103816
202.80078125	0.0	button_press	2	103834
202.865234375	0.0	fixation_cross	1	103867
202.998046875	0.0	fixation_cross	1	103935
203.115234375	0.0	fixation_cross	1	103995
203.14453125	0.0	fixation_cross	1	104010
203.19140625	0.0	fixation_cross	1	104034
203.283203125	0.0	fixation_cross	1	104081
203.3125	0.0	fixation_cross	1	104096
203.353515625	0.0	fixation_cross	1	104117
203.4375	0.0	fixation_cross	1	104160
203.517578125	0.0	fixation_cross	1	104201
203.560546875	0.0	fixation_cross	1	104223
203.58984375	0.0	fixation_cross	1	104238
203.671875	0.0	fixation_cross	1	104280
203.7265625	0.0	fixation_cross	1	104308
203.759765625	0.0	fixation_cross	1	104325
203.791015625	0.0	fixation_cross	1	104341
203.869140625	0.0	fixation_cross	1	104381
203.982421875	0.0	fixation_cross	1	104439
204.0546875	0.0	fixation_cross	1	104476
204.1171875	0.0	fixation_cross	1	104508
204.1484375	0.0	fixation_cross	1	104524
204.212890625	0.0	fixation_cross	1	104557
204.35546875	0.0	fixation_cross	1	104630
204.39453125	0.0	fixation_cross	1	104650
204.494140625	0.0	fixation_cross	1	104701
204.560546875	0.0	fixation_cross	1	104735
204.646484375	0.0	button_press	2	104779
204.7734375	0.0	fixation_cross	1	104844
204.83203125	0.0	fixation_cross	1	104874
204.982421875	0.0	fixation_cross	1	104951
205.005859375	0.0	button_press	2	104963
205.03515625	0.0	button_press	2	104978
205.06640625	0.0	fixation_cross	1	104994
205.12109375	0.0	fixation_cross	1	105022
205.361328125	0.0	fixation_cross	1	105145
205.39453125	0.0	fixation_cross	1	105162
205.458984375	0.0	button_press	2	105195
205.515625	0.0	button_press	2	105224
205.52734375	0.0	fixation_cross	1	105230
205.564453125	0.0	fixation_cross	1	105249
205.626953125	0.0	fixation_cross	1	105281
205.65625	0.0	fixation_cross	1	105296
205.740234375	0.0	fixation_cross	1	105339
205.810546875	0.0	fixation_cross	1	105375
205.912109375	0.0	fixation_cross	1	105427
205.943359375	0.0	fixation_cross	1	105443
206.017578125	0.0	fixation_cross	1	105481
206.046875	0.0	fixation_cross	1	105496
206.361328125	0.0	fixation_cross	1	105657
206.671875	0.0	fixation_cross	1	105816
206.998046875	0.0	fixation_cross	1	105983
207.16015625	0.0	fixation_cross	1	106066
207.3671875	0.0	button_press	2	106172
207.392578125	0.0	fixation_cross	1	106185
207.3984375	0.0	button_press	2	106188
207.42578125	0.0	fixation_cross	1	106202
207.451171875	0.0	fixation_cross	1	106215
207.5625	0.0	fixation_cross	1	106272
207.583984375	0.0	fixation_cross	1	106283
207.62109375	0.0	fixation_cross	1	106302
207.7734375	0.0	fixation_cross	1	106380
208.01171875	0.0	button_press	2	106502
208.06640625	0.0	fixation_cross	1	106530
208.119140625	0.0	fixation_cross	1	106557
208.25390625	0.0	fixation_cross	1	106626
208.365234375	0.0	fixation_cross	1	106683
208.4765625	0.0	fixation_cross	1	106740
208.59765625	0.0	fixation_cross	1	106802
208.685546875	0.0	button_press	2	106847
208.744140625	0.0	fixation_cross	1	106877
208.7734375	0.0	fixation_cross	1	106892
208.77734375	0.0	button_press	2	106894
208.833984375	0.0	fixation_cross	1	106923
208.86328125	0.0	fixation_cross	1	106938
208.9375	0.0	fixation_cross	1	106976
208.970703125	0.0	fixation_cross	1	106993
208.998046875	0.0	fixation_cross	1	107007
209.048828125	0.0	fixation_cross	1	107033
209.15625	0.0	fixation_cross	1	107088
209.224609375	0.0	fixation_cross	1	107123
209.439453125	0.0	fixation_cross	1	107233
209.56640625	0.0	fixation_cross	1	107298
209.62890625	0.0	fixation_cross	1	107330
209.671875	0.0	fixation_cross	1	107352
209.734375	0.0	fixation_cross	1	107384
209.787109375	0.0	fixation_cross	1	107411
209.869140625	0.0	fixation_cross	1	107453
209.91796875	0.0	button_press	2	107478
209.982421875	0.0	fixation_cross	1	107511
210.0234375	0.0	fixation_cross	1	107532
210.1171875	0.0	fixation_cross	1	107580
210.30078125	0.0	button_press	2	107674
210.400390625	0.0	button_press	2	107725
210.4375	0.0	fixation_cross	1	107744
210.46484375	0.0	button_press	2	107758
210.564453125	0.0	fixation_cross	1	107809
210.611328125	0.0	button_press	2	107833
210.66796875	0.0	fixation_cross	1	107862
210.69921875	0.0	fixation_cross	1	107878
210.75	0.0	fixation_cross	1	107904
210.802734375	0.0	fixation_cross	1	107931
210.8984375	0.0	fixation_cross	1	107980
210.98046875	0.0	fixation_cross	1	108022
211.130859375	0.0	fixation_cross	1	108099
211.173828125	0.0	fixation_cross	1	108121
211.20703125	0.0	fixation_cross	1	108138
211.263671875	0.0	fixation_cross	1	108167
211.287109375	0.0	fixation_cross	1	108179
211.34375	0.0	fixation_cross	1	108208
211.435546875	0.0	fixation_cross	1	108255
211.544921875	0.0	fixation_cross	1	108311
211.58984375	0.0	fixation_cross	1	108334
211.66796875	0.0	fixation_cross	1	108374
211.75	0.0	fixation_cross	1	108416
211.876953125	0.0	fixation_cross	1	108481
211.8984375	0.0	fixation_cross	1	108492
211.919921875	0.0	fixation_cross	1	108503
212.05859375	0.0	fixation_cross	1	108574
212.115234375	0.0	fixation_cross	1	108603
212.232421875	0.0	button_press	2	108663
212.35546875	0.0	fixation_cross	1	108726
212.4609375	0.0	fixation_cross	1	108780
212.482421875	0.0	fixation_cross	1	108791
212.53125	0.0	fixation_cross	1	108816
212.591796875	0.0	fixation_cross	1	108847
212.716796875	0.0	fixation_cross	1	108911
212.751953125	0.0	fixation_cross	1	108929
212.7890625	0.0	fixation_cross	1	108948
212.9375	0.0	fixation_cross	1	109024
212.986328125	0.0	button_press	2	109049
213.017578125	0.0	fixation_cross	1	109065
213.09375	0.0	fixation_cross	1	109104
213.123046875	0.0	fixation_cross	1	109119
213.1796875	0.0	fixation_cross	1	109148
213.33984375	0.0	fixation_cross	1	109230
213.396484375	0.0	button_press	2	109259
213.490234375	0.0	fixation_cross	1	109307
213.51953125	0.0	fixation_cross	1	109322
213.5546875	0.0	button_press	2	109340
213.564453125	0.0	fixation_cross	1	109345
213.591796875	0.0	fixation_cross	1	109359
213.630859375	0.0	fixation_cross	1	109379
213.681640625	0.0	fixation_cross	1	109405
213.7734375	0.0	fixation_cross	1	109452
213.84765625	0.0	fixation_cross	1	109490
213.900390625	0.0	fixation_cross	1	109517
213.9375	0.0	fixation_cross	1	109536
214.033203125	0.0	fixation_cross	1	109585
214.06640625	0.0	fixation_cross	1	109602
214.232421875	0.0	fixation_cross	1	109687
214.3515625	0.0	fixation_cross	1	109748
214.439453125	0.0	fixation_cross	1	109793
214.47265625	0.0	fixation_cross	1	109810
214.513671875	0.0	fixation_cross	1	109831
214.583984375	0.0	fixation_cross	1	109867
214.671875	0.0	fixation_cross	1	109912
214.74609375	0.0	button_press	2	109950
214.767578125	0.0	button_press	2	109961
214.970703125	0.0	fixation_cross	1	110065
215.017578125	0.0	fixation_cross	1	110089
215.095703125	0.0	fixation_cross	1	110129
215.173828125	0.0	fixation_cross	1	110169
215.224609375	0.0	button_press	2	110195
215.36328125	0.0	fixation_cross	1	110266
215.58984375	0.0	fixation_cross	1	110382
215.6484375	0.0	fixation_cross	1	110412
215.73046875	0.0	fixation_cross	1	110454
215.7734375	0.0	fixation_cross	1	110476
215.794921875	0.0	fixation_cross	1	110487
215.86328125	0.0	fixation_cross	1	110522
215.994140625	0.0	fixation_cross	1	110589
216.046875	0.0	fixation_cross	1	110616
216.1171875	0.0	fixation_cross	1	110652
216.19140625	0.0	fixation_cross	1	110690
216.259765625	0.0	fixation_cross	1	110725
216.326171875	0.0	fixation_cross	1	110759
216.359375	0.0	fixation_cross	1	110776
216.466796875	0.0	fixation_cross	1	110831
216.541015625	0.0	fixation_cross	1	110869
216.609375	0.0	fixation_cross	1	110904
216.673828125	0.0	fixation_cross	1	110937
216.70703125	0.0	fixation_cross	1	110954
216.72265625	0.0	button_press	2	110962
216.826171875	0.0	fixation_cross	1	111015
216.87109375	0.0	fixation_cross	1	111038
216.9375	0.0	fixation_cross	1	111072
217.0	0.0	fixation_cross	1	111104
217.052734375	0.0	fixation_cross	1	111131
217.115234375	0.0	fixation_cross	1	111163
217.146484375	0.0	fixation_cross	1	111179
217.2265625	0.0	fixation_cross	1	111220
217.251953125	0.0	fixation_cross	1	111233
217.287109375	0.0	fixation_cross	1	111251
217.322265625	0.0	fixation_cross	1	111269
217.365234375	0.0	fixation_cross	1	111291
217.494140625	0.0	fixation_cross	1	111357
217.607421875	0.0	fixation_cross	1	111415
217.681640625	0.0	fixation_cross	1	111453
217.759765625	0.0	fixation_cross	1	111493
217.787109375	0.0	fixation_cross	1	111507
217.830078125	0.0	fixation_cross	1	111529
217.931640625	0.0	fixation_cross	1	111581
217.994140625	0.0	fixation_cross	1	111613
218.0703125	0.0	fixation_cross	1	111652
218.10546875	0.0	fixation_cross	1	111670
218.130859375	0.0	fixation_cross	1	111683
218.169921875	0.0	fixation_cross	1	111703
218.21875	0.0	button_press	2	111728
218.28515625	0.0	fixation_cross	1	111762
218.333984375	0.0	button_press	2	111787
218.341796875	0.0	fixation_cross	1	111791
218.412109375	0.0	fixation_cross	1	111827
218.44140625	0.0	fixation_cross	1	111842
218.478515625	0.0	fixation_cross	1	111861
218.51953125	0.0	fixation_cross	1	111882
218.583984375	0.0	fixation_cross	1	111915
218.62109375	0.0	fixation_cross	1	111934
218.712890625	0.0	fixation_cross	1	111981
218.767578125	0.0	fixation_cross	1	112009
218.7890625	0.0	fixation_cross	1	112020
218.865234375	0.0	fixation_cross	1	112059
218.935546875	0.0	fixation_cross	1	112095
219.16015625	0.0	fixation_cross	1	112210
219.26953125	0.0	button_press	2	112266
219.28515625	0.0	fixation_cross	1	112274
219.326171875	0.0	fixation_cross	1	112295
219.3515625	0.0	fixation_cross	1	112308
219.609375	0.0	fixation_cross	1	112440
219.654296875	0.0	fixation_cross	1	112463
219.6875	0.0	fixation_cross	1	112480
219.732421875	0.0	fixation_cross	1	112503
219.75390625	0.0	fixation_cross	1	112514
219.78515625	0.0	fixation_cross	1	112530
219.810546875	0.0	fixation_cross	1	112543
219.880859375	0.0	button_press	2	112579
219.966796875	0.0	fixation_cross	1	112623
220.068359375	0.0	fixation_cross	1	112675
220.11328125	0.0	fixation_cross	1	112698
220.154296875	0.0	fixation_cross	1	112719
220.201171875	0.0	fixation_cross	1	112743
220.310546875	0.0	fixation_cross	1	112799
220.341796875	0.0	fixation_cross	1	112815
220.373046875	0.0	fixation_cross	1	112831
220.4140625	0.0	fixation_cross	1	112852
220.455078125	0.0	fixation_cross	1	112873
220.5390625	0.0	fixation_cross	1	112916
220.58203125	0.0	fixation_cross	1	112938
220.75390625	0.0	fixation_cross	1	113026
220.8515625	0.0	fixation_cross	1	113076
220.95703125	0.0	fixation_cross	1	113130
220.998046875	0.0	fixation_cross	1	113151
221.0625	0.0	button_press	2	113184
221.130859375	0.0	fixation_cross	1	113219
221.177734375	0.0	fixation_cross	1	113243
221.24609375	0.0	fixation_cross	1	113278
221.28125	0.0	fixation_cross	1	113296
221.3515625	0.0	fixation_cross	1	113332
221.41796875	0.0	fixation_cross	1	113366
221.509765625	0.0	fixation_cross	1	113413
221.544921875	0.0	fixation_cross	1	113431
221.607421875	0.0	fixation_cross	1	113463
221.6328125	0.0	fixation_cross	1	113476
221.75390625	0.0	fixation_cross	1	113538
221.83984375	0.0	fixation_cross	1	113582
221.86328125	0.0	fixation_cross	1	113594
221.89453125	0.0	fixation_cross	1	113610
221.955078125	0.0	fixation_cross	1	113641
221.98046875	0.0	fixation_cross	1	113654
222.0703125	0.0	fixation_cross	1	113700
222.134765625	0.0	fixation_cross	1	113733
222.16796875	0.0	fixation_cross	1	113750
222.224609375	0.0	fixation_cross	1	113779
222.353515625	0.0	fixation_cross	1	113845
222.421875	0.0	fixation_cross	1	113880
222.45703125	0.0	fixation_cross	1	113898
222.546875	0.0	fixation_cross	1	113944
222.583984375	0.0	fixation_cross	1	113963
222.619140625	0.0	fixation_cross	1	113981
222.669921875	0.0	fixation_cross	1	114007
222.744140625	0.0	fixation_cross	1	114045
222.771484375	0.0	fixation_cross	1	114059
222.828125	0.0	fixation_cross	1	114088
222.853515625	0.0	fixation_cross	1	114101
222.919921875	0.0	fixation_cross	1	114135
222.951171875	0.0	fixation_cross	1	114151
223.0703125	0.0	fixation_cross	1	114212
223.115234375	0.0	fixation_cross	1	114235
223.314453125	0.0	fixation_cross	1	114337
223.390625	0.0	fixation_cross	1	114376
223.49609375	0.0	fixation_cross	1	114430
223.55859375	0.0	fixation_cross	1	114462
223.59765625	0.0	fixation_cross	1	114482
223.662109375	0.0	fixation_cross	1	114515
223.708984375	0.0	fixation_cross	1	114539
223.736328125	0.0	fixation_cross	1	114553
223.759765625	0.0	fixation_cross	1	114565
223.8984375	0.0	fixation_cross	1	114636
223.9375	0.0	fixation_cross	1	114656
223.990234375	0.0	fixation_cross	1	114683
224.080078125	0.0	fixation_cross	1	114729
224.115234375	0.0	fixation_cross	1	114747
224.146484375	0.0	fixation_cross	1	114763
224.21484375	0.0	fixation_cross	1	114798
224.267578125	0.0	fixation_cross	1	114825
224.3515625	0.0	fixation_cross	1	114868
224.453125	0.0	fixation_cross	1	114920
224.5625	0.0	fixation_cross	1	114976
224.662109375	0.0	fixation_cross	1	115027
224.740234375	0.0	fixation_cross	1	115067
224.7734375	0.0	fixation_cross	1	115084
224.80078125	0.0	fixation_cross	1	115098
224.91015625	0.0	fixation_cross	1	115154
224.9375	0.0	fixation_cross	1	115168
224.974609375	0.0	fixation_cross	1	115187
225.015625	0.0	fixation_cross	1	115208
225.046875	0.0	fixation_cross	1	115224
225.0703125	0.0	fixation_cross	1	115236
225.115234375	0.0	fixation_cross	1	115259
225.15625	0.0	fixation_cross	1	115280
225.23046875	0.0	fixation_cross	1	115318
225.31640625	0.0	fixation_cross	1	115362
225.43359375	0.0	fixation_cross	1	115422
225.4609375	0.0	fixation_cross	1	115436
225.54296875	0.0	fixation_cross	1	115478
225.564453125	0.0	fixation_cross	1	115489
225.6796875	0.0	fixation_cross	1	115548
225.734375	0.0	fixation_cross	1	115576
225.7734375	0.0	fixation_cross	1	115596
225.83984375	0.0	fixation_cross	1	115630
225.86328125	0.0	fixation_cross	1	115642
225.900390625	0.0	fixation_cross	1	115661
225.974609375	0.0	fixation_cross	1	115699
226.001953125	0.0	fixation_cross	1	115713
226.029296875	0.0	fixation_cross	1	115727
226.1640625	0.0	fixation_cross	1	115796
226.20703125	0.0	fixation_cross	1	115818
226.2734375	0.0	fixation_cross	1	115852
226.359375	0.0	fixation_cross	1	115896
226.392578125	0.0	fixation_cross	1	115913
226.509765625	0.0	fixation_cross	1	115973
226.560546875	0.0	fixation_cross	1	115999
226.591796875	0.0	fixation_cross	1	116015
226.7265625	0.0	fixation_cross	1	116084
226.751953125	0.0	fixation_cross	1	116097
226.7734375	0.0	fixation_cross	1	116108
226.845703125	0.0	fixation_cross	1	116145
226.8984375	0.0	fixation_cross	1	116172
226.9296875	0.0	button_press	2	116188
226.982421875	0.0	fixation_cross	1	116215
227.03125	0.0	fixation_cross	1	116240
227.05859375	0.0	fixation_cross	1	116254
227.09765625	0.0	fixation_cross	1	116274
227.130859375	0.0	fixation_cross	1	116291
227.193359375	0.0	fixation_cross	1	116323
227.216796875	0.0	fixation_cross	1	116335
227.2421875	0.0	fixation_cross	1	116348
227.349609375	0.0	fixation_cross	1	116403
227.392578125	0.0	fixation_cross	1	116425
227.416015625	0.0	fixation_cross	1	116437
227.44921875	0.0	fixation_cross	1	116454
227.505859375	0.0	fixation_cross	1	116483
227.53125	0.0	fixation_cross	1	116496
227.654296875	0.0	fixation_cross	1	116559
227.7265625	0.0	fixation_cross	1	116596
227.751953125	0.0	fixation_cross	1	116609
227.7734375	0.0	fixation_cross	1	116620
227.919921875	0.0	fixation_cross	1	116695
227.990234375	0.0	fixation_cross	1	116731
228.0546875	0.0	fixation_cross	1	116764
228.095703125	0.0	fixation_cross	1	116785
228.12890625	0.0	fixation_cross	1	116802
228.16796875	0.0	fixation_cross	1	116822
228.2421875	0.0	fixation_cross	1	116860
228.279296875	0.0	fixation_cross	1	116879
228.3515625	0.0	fixation_cross	1	116916
228.392578125	0.0	fixation_cross	1	116937
228.490234375	0.0	fixation_cross	1	116987
228.517578125	0.0	fixation_cross	1	117001
228.609375	0.0	fixation_cross	1	117048
228.716796875	0.0	fixation_cross	1	117103
228.73828125	0.0	fixation_cross	1	117114
228.767578125	0.0	fixation_cross	1	117129
228.8046875	0.0	fixation_cross	1	117148
228.83984375	0.0	fixation_cross	1	117166
228.86328125	0.0	fixation_cross	1	117178
228.91015625	0.0	fixation_cross	1	117202
228.931640625	0.0	fixation_cross	1	117213
229.068359375	0.0	fixation_cross	1	117283
229.1171875	0.0	fixation_cross	1	117308
229.16015625	0.0	fixation_cross	1	117330
229.26953125	0.0	fixation_cross	1	117386
229.296875	0.0	fixation_cross	1	117400
229.341796875	0.0	fixation_cross	1	117423
229.392578125	0.0	fixation_cross	1	117449
229.43359375	0.0	fixation_cross	1	117470
229.46875	0.0	fixation_cross	1	117488
229.5234375	0.0	fixation_cross	1	117516
229.564453125	0.0	fixation_cross	1	117537
229.5859375	0.0	fixation_cross	1	117548
229.615234375	0.0	fixation_cross	1	117563
229.638671875	0.0	fixation_cross	1	117575
229.689453125	0.0	fixation_cross	1	117601
229.740234375	0.0	fixation_cross	1	117627
229.791015625	0.0	fixation_cross	1	117653
229.798828125	0.0	button_press	2	117657
229.83203125	0.0	fixation_cross	1	117674
229.93359375	0.0	fixation_cross	1	117726
229.97265625	0.0	fixation_cross	1	117746
230.013671875	0.0	fixation_cross	1	117767
230.05078125	0.0	fixation_cross	1	117786
230.109375	0.0	fixation_cross	1	117816
230.1328125	0.0	fixation_cross	1	117828
230.1640625	0.0	fixation_cross	1	117844
230.19921875	0.0	fixation_cross	1	117862
230.279296875	0.0	fixation_cross	1	117903
230.30078125	0.0	fixation_cross	1	117914
230.322265625	0.0	fixation_cross	1	117925
230.35546875	0.0	fixation_cross	1	117942
230.42578125	0.0	fixation_cross	1	117978
230.490234375	0.0	fixation_cross	1	118011
230.517578125	0.0	fixation_cross	1	118025
230.57421875	0.0	fixation_cross	1	118054
230.6171875	0.0	fixation_cross	1	118076
230.671875	0.0	fixation_cross	1	118104
230.71875	0.0	fixation_cross	1	118128
230.755859375	0.0	fixation_cross	1	118147
230.791015625	0.0	fixation_cross	1	118165
230.87109375	0.0	fixation_cross	1	118206
230.943359375	0.0	fixation_cross	1	118243
230.974609375	0.0	fixation_cross	1	118259
231.001953125	0.0	fixation_cross	1	118273
231.0546875	0.0	fixation_cross	1	118300
231.119140625	0.0	fixation_cross	1	118333
231.146484375	0.0	fixation_cross	1	118347
231.19140625	0.0	fixation_cross	1	118370
231.216796875	0.0	fixation_cross	1	118383
231.3515625	0.0	fixation_cross	1	118452
231.43359375	0.0	fixation_cross	1	118494
231.4609375	0.0	fixation_cross	1	118508
231.58984375	0.0	fixation_cross	1	118574
231.62109375	0.0	fixation_cross	1	118590
231.6640625	0.0	fixation_cross	1	118612
231.70703125	0.0	fixation_cross	1	118634
231.7734375	0.0	fixation_cross	1	118668
231.828125	0.0	fixation_cross	1	118696
231.853515625	0.0	fixation_cross	1	118709
231.8984375	0.0	fixation_cross	1	118732
231.94140625	0.0	fixation_cross	1	118754
231.970703125	0.0	fixation_cross	1	118769
231.998046875	0.0	fixation_cross	1	118783
232.08203125	0.0	fixation_cross	1	118826
232.1171875	0.0	fixation_cross	1	118844
232.171875	0.0	fixation_cross	1	118872
232.236328125	0.0	fixation_cross	1	118905
232.32421875	0.0	fixation_cross	1	118950
232.353515625	0.0	fixation_cross	1	118965
232.373046875	0.0	button_press	2	118975
232.390625	0.0	fixation_cross	1	118984
232.453125	0.0	fixation_cross	1	119016
232.607421875	0.0	fixation_cross	1	119095
232.654296875	0.0	fixation_cross	1	119119
232.861328125	0.0	fixation_cross	1	119225
232.919921875	0.0	fixation_cross	1	119255
232.970703125	0.0	fixation_cross	1	119281
232.99609375	0.0	fixation_cross	1	119294
233.048828125	0.0	fixation_cross	1	119321
233.0859375	0.0	fixation_cross	1	119340
233.1171875	0.0	fixation_cross	1	119356
233.146484375	0.0	fixation_cross	1	119371
233.19140625	0.0	fixation_cross	1	119394
233.220703125	0.0	fixation_cross	1	119409
233.28125	0.0	fixation_cross	1	119440
233.3359375	0.0	fixation_cross	1	119468
233.36328125	0.0	fixation_cross	1	119482
233.439453125	0.0	fixation_cross	1	119521
233.509765625	0.0	fixation_cross	1	119557
233.568359375	0.0	fixation_cross	1	119587
233.62890625	0.0	fixation_cross	1	119618
233.712890625	0.0	fixation_cross	1	119661
233.74609375	0.0	fixation_cross	1	119678
233.787109375	0.0	fixation_cross	1	119699
233.83984375	0.0	fixation_cross	1	119726
233.919921875	0.0	fixation_cross	1	119767
233.943359375	0.0	fixation_cross	1	119779
234.01953125	0.0	fixation_cross	1	119818
234.0859375	0.0	fixation_cross	1	119852
234.14453125	0.0	fixation_cross	1	119882
234.189453125	0.0	fixation_cross	1	119905
234.23828125	0.0	fixation_cross	1	119930
234.26171875	0.0	fixation_cross	1	119942
234.28515625	0.0	fixation_cross	1	119954
234.328125	0.0	fixation_cross	1	119976
234.3515625	0.0	fixation_cross	1	119988
234.390625	0.0	fixation_cross	1	120008
234.396484375	0.0	button_press	2	120011
234.421875	0.0	fixation_cross	1	120024
234.5234375	0.0	fixation_cross	1	120076
234.546875	0.0	fixation_cross	1	120088
234.568359375	0.0	fixation_cross	1	120099
234.61328125	0.0	fixation_cross	1	120122
234.654296875	0.0	fixation_cross	1	120143
234.7734375	0.0	fixation_cross	1	120204
234.802734375	0.0	fixation_cross	1	120219
234.830078125	0.0	fixation_cross	1	120233
234.853515625	0.0	fixation_cross	1	120245
234.8984375	0.0	fixation_cross	1	120268
234.919921875	0.0	fixation_cross	1	120279
234.94140625	0.0	fixation_cross	1	120290
234.96875	0.0	button_press	2	120304
235.01171875	0.0	fixation_cross	1	120326
235.037109375	0.0	fixation_cross	1	120339
235.09375	0.0	fixation_cross	1	120368
235.115234375	0.0	fixation_cross	1	120379
235.158203125	0.0	fixation_cross	1	120401
235.19140625	0.0	fixation_cross	1	120418
235.28125	0.0	fixation_cross	1	120464
235.337890625	0.0	fixation_cross	1	120493
235.36328125	0.0	fixation_cross	1	120506
235.40234375	0.0	fixation_cross	1	120526
235.4453125	0.0	fixation_cross	1	120548
235.4765625	0.0	fixation_cross	1	120564
235.544921875	0.0	fixation_cross	1	120599
235.6171875	0.0	fixation_cross	1	120636
235.640625	0.0	fixation_cross	1	120648
235.671875	0.0	fixation_cross	1	120664
235.697265625	0.0	fixation_cross	1	120677
235.78125	0.0	fixation_cross	1	120720
235.802734375	0.0	fixation_cross	1	120731
235.908203125	0.0	fixation_cross	1	120785
235.970703125	0.0	fixation_cross	1	120817
235.994140625	0.0	fixation_cross	1	120829
236.048828125	0.0	fixation_cross	1	120857
236.1171875	0.0	fixation_cross	1	120892
236.216796875	0.0	fixation_cross	1	120943
236.271484375	0.0	fixation_cross	1	120971
236.30078125	0.0	fixation_cross	1	120986
236.3046875	0.0	button_press	2	120988
236.337890625	0.0	fixation_cross	1	121005
236.40625	0.0	fixation_cross	1	121040
236.443359375	0.0	fixation_cross	1	121059
236.517578125	0.0	fixation_cross	1	121097
236.546875	0.0	fixation_cross	1	121112
236.576171875	0.0	fixation_cross	1	121127
236.611328125	0.0	button_press	2	121145
236.6171875	0.0	fixation_cross	1	121148
236.638671875	0.0	fixation_cross	1	121159
236.669921875	0.0	fixation_cross	1	121175
236.708984375	0.0	fixation_cross	1	121195
236.720703125	0.0	button_press	2	121201
236.75	0.0	fixation_cross	1	121216
236.87109375	0.0	fixation_cross	1	121278
236.904296875	0.0	fixation_cross	1	121295
236.970703125	0.0	fixation_cross	1	121329
237.017578125	0.0	fixation_cross	1	121353
237.046875	0.0	fixation_cross	1	121368
237.134765625	0.0	fixation_cross	1	121413
237.16796875	0.0	fixation_cross	1	121430
237.19140625	0.0	fixation_cross	1	121442
237.26171875	0.0	fixation_cross	1	121478
237.298828125	0.0	fixation_cross	1	121497
237.33984375	0.0	fixation_cross	1	121518
237.361328125	0.0	fixation_cross	1	121529
237.3828125	0.0	fixation_cross	1	121540
237.421875	0.0	fixation_cross	1	121560
237.4609375	0.0	fixation_cross	1	121580
237.693359375	0.0	fixation_cross	1	121699
237.75	0.0	fixation_cross	1	121728
237.806640625	0.0	fixation_cross	1	121757
237.828125	0.0	fixation_cross	1	121768
237.861328125	0.0	fixation_cross	1	121785
237.888671875	0.0	fixation_cross	1	121799
237.919921875	0.0	fixation_cross	1	121815
237.9453125	0.0	fixation_cross	1	121828
237.98828125	0.0	fixation_cross	1	121850
238.046875	0.0	fixation_cross	1	121880
238.080078125	0.0	fixation_cross	1	121897
238.10546875	0.0	fixation_cross	1	121910
238.15625	0.0	fixation_cross	1	121936
238.18359375	0.0	fixation_cross	1	121950
238.220703125	0.0	fixation_cross	1	121969
238.26171875	0.0	fixation_cross	1	121990
238.287109375	0.0	fixation_cross	1	122003
238.349609375	0.0	fixation_cross	1	122035
238.392578125	0.0	fixation_cross	1	122057
238.423828125	0.0	fixation_cross	1	122073
238.470703125	0.0	fixation_cross	1	122097
238.5234375	0.0	fixation_cross	1	122124
238.57421875	0.0	fixation_cross	1	122150
238.595703125	0.0	fixation_cross	1	122161
238.6328125	0.0	fixation_cross	1	122180
238.666015625	0.0	fixation_cross	1	122197
238.70703125	0.0	fixation_cross	1	122218
238.740234375	0.0	fixation_cross	1	122235
238.767578125	0.0	fixation_cross	1	122249
238.828125	0.0	fixation_cross	1	122280
238.857421875	0.0	fixation_cross	1	122295
238.888671875	0.0	fixation_cross	1	122311
238.91015625	0.0	fixation_cross	1	122322
238.947265625	0.0	fixation_cross	1	122341
238.98828125	0.0	fixation_cross	1	122362
239.046875	0.0	fixation_cross	1	122392
239.11328125	0.0	fixation_cross	1	122426
239.142578125	0.0	fixation_cross	1	122441
239.173828125	0.0	fixation_cross	1	122457
239.201171875	0.0	fixation_cross	1	122471
239.23046875	0.0	fixation_cross	1	122486
239.28515625	0.0	fixation_cross	1	122514
239.328125	0.0	fixation_cross	1	122536
239.392578125	0.0	fixation_cross	1	122569
239.451171875	0.0	fixation_cross	1	122599
239.486328125	0.0	fixation_cross	1	122617
239.517578125	0.0	fixation_cross	1	122633
239.595703125	0.0	fixation_cross	1	122673
239.6171875	0.0	fixation_cross	1	122684
239.638671875	0.0	fixation_cross	1	122695
239.6640625	0.0	fixation_cross	1	122708
239.70703125	0.0	fixation_cross	1	122730
239.73046875	0.0	fixation_cross	1	122742
239.7734375	0.0	fixation_cross	1	122764
239.802734375	0.0	fixation_cross	1	122779
239.82421875	0.0	fixation_cross	1	122790
239.9375	0.0	fixation_cross	1	122848
239.970703125	0.0	fixation_cross	1	122865
240.015625	0.0	fixation_cross	1	122888
240.046875	0.0	fixation_cross	1	122904
240.068359375	0.0	fixation_cross	1	122915
240.091796875	0.0	fixation_cross	1	122927
240.115234375	0.0	fixation_cross	1	122939
240.14453125	0.0	fixation_cross	1	122954
240.177734375	0.0	fixation_cross	1	122971
240.2109375	0.0	fixation_cross	1	122988
240.236328125	0.0	fixation_cross	1	123001
240.326171875	0.0	fixation_cross	1	123047
240.359375	0.0	fixation_cross	1	123064
240.439453125	0.0	fixation_cross	1	123105
240.48046875	0.0	fixation_cross	1	123126
240.51171875	0.0	fixation_cross	1	123142
240.5390625	0.0	fixation_cross	1	123156
240.59765625	0.0	fixation_cross	1	123186
240.62890625	0.0	fixation_cross	1	123202
240.732421875	0.0	fixation_cross	1	123255
240.82421875	0.0	fixation_cross	1	123302
240.861328125	0.0	fixation_cross	1	123321
240.9140625	0.0	fixation_cross	1	123348
240.935546875	0.0	fixation_cross	1	123359
240.974609375	0.0	fixation_cross	1	123379
240.998046875	0.0	fixation_cross	1	123391
241.03125	0.0	fixation_cross	1	123408
241.06640625	0.0	fixation_cross	1	123426
241.134765625	0.0	fixation_cross	1	123461
241.16015625	0.0	fixation_cross	1	123474
241.19140625	0.0	fixation_cross	1	123490
241.279296875	0.0	fixation_cross	1	123535
241.322265625	0.0	fixation_cross	1	123557
241.3515625	0.0	fixation_cross	1	123572
241.390625	0.0	fixation_cross	1	123592
241.435546875	0.0	fixation_cross	1	123615
241.529296875	0.0	fixation_cross	1	123663
241.568359375	0.0	fixation_cross	1	123683
241.619140625	0.0	fixation_cross	1	123709
241.71484375	0.0	fixation_cross	1	123758
241.748046875	0.0	fixation_cross	1	123775
241.771484375	0.0	fixation_cross	1	123787
241.798828125	0.0	fixation_cross	1	123801
241.82421875	0.0	fixation_cross	1	123814
241.84765625	0.0	fixation_cross	1	123826
241.900390625	0.0	fixation_cross	1	123853
241.943359375	0.0	fixation_cross	1	123875
241.98046875	0.0	fixation_cross	1	123894
242.0234375	0.0	fixation_cross	1	123916
242.044921875	0.0	fixation_cross	1	123927
242.09375	0.0	fixation_cross	1	123952
242.1171875	0.0	fixation_cross	1	123964
242.146484375	0.0	fixation_cross	1	123979
242.177734375	0.0	fixation_cross	1	123995
242.201171875	0.0	fixation_cross	1	124007
242.23046875	0.0	fixation_cross	1	124022
242.2578125	0.0	fixation_cross	1	124036
242.337890625	0.0	fixation_cross	1	124077
242.392578125	0.0	fixation_cross	1	124105
242.42578125	0.0	fixation_cross	1	124122
242.453125	0.0	fixation_cross	1	124136
242.517578125	0.0	fixation_cross	1	124169
242.5390625	0.0	fixation_cross	1	124180
242.583984375	0.0	fixation_cross	1	124203
242.609375	0.0	fixation_cross	1	124216
242.634765625	0.0	fixation_cross	1	124229
242.671875	0.0	fixation_cross	1	124248
242.697265625	0.0	fixation_cross	1	124261
242.720703125	0.0	fixation_cross	1	124273
242.751953125	0.0	fixation_cross	1	124289
242.80859375	0.0	fixation_cross	1	124318
242.892578125	0.0	fixation_cross	1	124361
242.970703125	0.0	fixation_cross	1	124401
243.01171875	0.0	fixation_cross	1	124422
243.1171875	0.0	fixation_cross	1	124476
243.14453125	0.0	fixation_cross	1	124490
243.177734375	0.0	fixation_cross	1	124507
243.20703125	0.0	fixation_cross	1	124522
243.251953125	0.0	fixation_cross	1	124545
243.326171875	0.0	fixation_cross	1	124583
243.34765625	0.0	fixation_cross	1	124594
243.40234375	0.0	fixation_cross	1	124622
243.447265625	0.0	fixation_cross	1	124645
243.5234375	0.0	fixation_cross	1	124684
243.564453125	0.0	fixation_cross	1	124705
243.58984375	0.0	fixation_cross	1	124718
243.740234375	0.0	fixation_cross	1	124795
243.763671875	0.0	fixation_cross	1	124807
243.80859375	0.0	fixation_cross	1	124830
243.830078125	0.0	fixation_cross	1	124841
243.8515625	0.0	fixation_cross	1	124852
243.89453125	0.0	fixation_cross	1	124874
243.95703125	0.0	fixation_cross	1	124906
243.98046875	0.0	fixation_cross	1	124918
244.05078125	0.0	fixation_cross	1	124954
244.076171875	0.0	fixation_cross	1	124967
244.115234375	0.0	fixation_cross	1	124987
244.16015625	0.0	fixation_cross	1	125010
244.232421875	0.0	fixation_cross	1	125047
244.306640625	0.0	fixation_cross	1	125085
244.337890625	0.0	fixation_cross	1	125101
244.359375	0.0	fixation_cross	1	125112
244.392578125	0.0	fixation_cross	1	125129
244.43359375	0.0	fixation_cross	1	125150
244.486328125	0.0	fixation_cross	1	125177
244.5078125	0.0	fixation_cross	1	125188
244.5625	0.0	fixation_cross	1	125216
244.5859375	0.0	fixation_cross	1	125228
244.61328125	0.0	fixation_cross	1	125242
244.6640625	0.0	fixation_cross	1	125268
244.7265625	0.0	fixation_cross	1	125300
244.751953125	0.0	fixation_cross	1	125313
244.7734375	0.0	fixation_cross	1	125324
244.8046875	0.0	fixation_cross	1	125340
244.830078125	0.0	fixation_cross	1	125353
244.861328125	0.0	fixation_cross	1	125369
244.943359375	0.0	fixation_cross	1	125411
244.98046875	0.0	fixation_cross	1	125430
244.9921875	0.0	button_press	2	125436
245.01953125	0.0	fixation_cross	1	125450
245.064453125	0.0	fixation_cross	1	125473
245.115234375	0.0	fixation_cross	1	125499
245.15234375	0.0	fixation_cross	1	125518
245.19140625	0.0	fixation_cross	1	125538
245.220703125	0.0	fixation_cross	1	125553
245.2421875	0.0	fixation_cross	1	125564
245.26953125	0.0	fixation_cross	1	125578
245.341796875	0.0	fixation_cross	1	125615
245.392578125	0.0	fixation_cross	1	125641
245.4140625	0.0	fixation_cross	1	125652
245.470703125	0.0	fixation_cross	1	125681
245.4921875	0.0	fixation_cross	1	125692
245.517578125	0.0	fixation_cross	1	125705
245.5625	0.0	fixation_cross	1	125728
245.583984375	0.0	fixation_cross	1	125739
245.6171875	0.0	fixation_cross	1	125756
245.640625	0.0	fixation_cross	1	125768
245.697265625	0.0	fixation_cross	1	125797
245.732421875	0.0	fixation_cross	1	125815
245.7578125	0.0	fixation_cross	1	125828
245.796875	0.0	button_press	2	125848
245.798828125	0.0	fixation_cross	1	125849
245.828125	0.0	fixation_cross	1	125864
245.875	0.0	fixation_cross	1	125888
245.900390625	0.0	fixation_cross	1	125901
245.931640625	0.0	fixation_cross	1	125917
246.015625	0.0	fixation_cross	1	125960
246.05078125	0.0	fixation_cross	1	125978
246.07421875	0.0	fixation_cross	1	125990
246.123046875	0.0	fixation_cross	1	126015
246.14453125	0.0	fixation_cross	1	126026
246.181640625	0.0	fixation_cross	1	126045
246.201171875	0.0	button_press	2	126055
246.23046875	0.0	fixation_cross	1	126070
246.287109375	0.0	fixation_cross	1	126099
246.326171875	0.0	fixation_cross	1	126119
246.357421875	0.0	fixation_cross	1	126135
246.390625	0.0	fixation_cross	1	126152
246.451171875	0.0	fixation_cross	1	126183
246.4921875	0.0	fixation_cross	1	126204
246.513671875	0.0	fixation_cross	1	126215
246.583984375	0.0	fixation_cross	1	126251
246.619140625	0.0	fixation_cross	1	126269
246.662109375	0.0	button_press	2	126291
246.669921875	0.0	fixation_cross	1	126295
246.712890625	0.0	fixation_cross	1	126317
246.751953125	0.0	fixation_cross	1	126337
246.84765625	0.0	fixation_cross	1	126386
246.88671875	0.0	fixation_cross	1	126406
246.916015625	0.0	fixation_cross	1	126421
246.958984375	0.0	fixation_cross	1	126443
246.98828125	0.0	fixation_cross	1	126458
247.015625	0.0	fixation_cross	1	126472
247.041015625	0.0	fixation_cross	1	126485
247.08203125	0.0	fixation_cross	1	126506
247.115234375	0.0	fixation_cross	1	126523
247.146484375	0.0	fixation_cross	1	126539
247.177734375	0.0	fixation_cross	1	126555
247.2109375	0.0	fixation_cross	1	126572
247.267578125	0.0	fixation_cross	1	126601
247.314453125	0.0	fixation_cross	1	126625
247.349609375	0.0	fixation_cross	1	126643
247.37890625	0.0	fixation_cross	1	126658
247.423828125	0.0	fixation_cross	1	126681
247.455078125	0.0	fixation_cross	1	126697
247.4765625	0.0	fixation_cross	1	126708
247.5078125	0.0	fixation_cross	1	126724
247.533203125	0.0	fixation_cross	1	126737
247.568359375	0.0	fixation_cross	1	126755
247.58984375	0.0	fixation_cross	1	126766
247.61328125	0.0	fixation_cross	1	126778
247.689453125	0.0	fixation_cross	1	126817
247.7265625	0.0	fixation_cross	1	126836
247.751953125	0.0	fixation_cross	1	126849
247.783203125	0.0	fixation_cross	1	126865
247.8046875	0.0	fixation_cross	1	126876
247.828125	0.0	fixation_cross	1	126888
247.90625	0.0	fixation_cross	1	126928
247.935546875	0.0	fixation_cross	1	126943
247.974609375	0.0	fixation_cross	1	126963
248.001953125	0.0	fixation_cross	1	126977
248.0234375	0.0	fixation_cross	1	126988
248.048828125	0.0	fixation_cross	1	127001
248.080078125	0.0	fixation_cross	1	127017
248.10546875	0.0	fixation_cross	1	127030
248.15234375	0.0	fixation_cross	1	127054
248.177734375	0.0	fixation_cross	1	127067
248.205078125	0.0	fixation_cross	1	127081
248.33203125	0.0	fixation_cross	1	127146
248.41015625	0.0	fixation_cross	1	127186
248.48046875	0.0	fixation_cross	1	127222
248.5078125	0.0	fixation_cross	1	127236
248.529296875	0.0	fixation_cross	1	127247
248.560546875	0.0	fixation_cross	1	127263
248.583984375	0.0	fixation_cross	1	127275
248.638671875	0.0	fixation_cross	1	127303
248.697265625	0.0	fixation_cross	1	127333
248.7265625	0.0	fixation_cross	1	127348
248.751953125	0.0	fixation_cross	1	127361
248.7734375	0.0	fixation_cross	1	127372
248.818359375	0.0	fixation_cross	1	127395
248.8515625	0.0	fixation_cross	1	127412
248.875	0.0	fixation_cross	1	127424
248.900390625	0.0	fixation_cross	1	127437
248.98046875	0.0	fixation_cross	1	127478
249.029296875	0.0	fixation_cross	1	127503
249.052734375	0.0	fixation_cross	1	127515
249.10546875	0.0	fixation_cross	1	127542
249.146484375	0.0	fixation_cross	1	127563
249.171875	0.0	fixation_cross	1	127576
249.201171875	0.0	fixation_cross	1	127591
249.24609375	0.0	fixation_cross	1	127614
249.32421875	0.0	fixation_cross	1	127654
249.34765625	0.0	fixation_cross	1	127666
249.390625	0.0	fixation_cross	1	127688
249.416015625	0.0	fixation_cross	1	127701
249.466796875	0.0	fixation_cross	1	127727
249.48828125	0.0	fixation_cross	1	127738
249.5234375	0.0	fixation_cross	1	127756
249.568359375	0.0	fixation_cross	1	127779
249.595703125	0.0	fixation_cross	1	127793
249.625	0.0	fixation_cross	1	127808
249.671875	0.0	fixation_cross	1	127832
249.708984375	0.0	fixation_cross	1	127851
249.734375	0.0	fixation_cross	1	127864
249.763671875	0.0	fixation_cross	1	127879
249.853515625	0.0	fixation_cross	1	127925
249.89453125	0.0	fixation_cross	1	127946
249.92578125	0.0	fixation_cross	1	127962
249.99609375	0.0	fixation_cross	1	127998
250.021484375	0.0	fixation_cross	1	128011
250.06640625	0.0	fixation_cross	1	128034
250.09765625	0.0	fixation_cross	1	128050
250.12109375	0.0	fixation_cross	1	128062
250.142578125	0.0	fixation_cross	1	128073
250.185546875	0.0	fixation_cross	1	128095
250.220703125	0.0	fixation_cross	1	128113
250.26953125	0.0	fixation_cross	1	128138
250.291015625	0.0	fixation_cross	1	128149
250.314453125	0.0	fixation_cross	1	128161
250.3515625	0.0	fixation_cross	1	128180
250.4140625	0.0	fixation_cross	1	128212
250.486328125	0.0	fixation_cross	1	128249
250.517578125	0.0	fixation_cross	1	128265
250.541015625	0.0	fixation_cross	1	128277
250.5625	0.0	fixation_cross	1	128288
250.607421875	0.0	fixation_cross	1	128311
250.6328125	0.0	fixation_cross	1	128324
250.740234375	0.0	fixation_cross	1	128379
250.767578125	0.0	fixation_cross	1	128393
250.8046875	0.0	fixation_cross	1	128412
250.828125	0.0	fixation_cross	1	128424
250.85546875	0.0	fixation_cross	1	128438
250.888671875	0.0	fixation_cross	1	128455
250.9140625	0.0	fixation_cross	1	128468
250.935546875	0.0	fixation_cross	1	128479
250.97265625	0.0	fixation_cross	1	128498
251.0	0.0	button_press	2	128512
251.001953125	0.0	fixation_cross	1	128513
251.046875	0.0	fixation_cross	1	128536
251.115234375	0.0	fixation_cross	1	128571
251.216796875	0.0	fixation_cross	1	128623
251.27734375	0.0	fixation_cross	1	128654
251.30859375	0.0	fixation_cross	1	128670
251.330078125	0.0	fixation_cross	1	128681
251.3515625	0.0	fixation_cross	1	128692
251.376953125	0.0	fixation_cross	1	128705
251.416015625	0.0	fixation_cross	1	128725
251.44921875	0.0	fixation_cross	1	128742
251.494140625	0.0	fixation_cross	1	128765
251.517578125	0.0	fixation_cross	1	128777
251.5625	0.0	fixation_cross	1	128800
251.591796875	0.0	fixation_cross	1	128815
251.6328125	0.0	fixation_cross	1	128836
251.666015625	0.0	fixation_cross	1	128853
251.701171875	0.0	fixation_cross	1	128871
251.73828125	0.0	fixation_cross	1	128890
251.759765625	0.0	fixation_cross	1	128901
251.828125	0.0	fixation_cross	1	128936
251.86328125	0.0	fixation_cross	1	128954
251.888671875	0.0	fixation_cross	1	128967
251.919921875	0.0	fixation_cross	1	128983
251.94140625	0.0	fixation_cross	1	128994
251.962890625	0.0	fixation_cross	1	129005
252.00390625	0.0	button_press	2	129026
252.01171875	0.0	fixation_cross	1	129030
252.1015625	0.0	fixation_cross	1	129076
252.123046875	0.0	fixation_cross	1	129087
252.146484375	0.0	fixation_cross	1	129099
252.19140625	0.0	fixation_cross	1	129122
252.216796875	0.0	fixation_cross	1	129135
252.248046875	0.0	fixation_cross	1	129151
252.27734375	0.0	fixation_cross	1	129166
252.341796875	0.0	fixation_cross	1	129199
252.36328125	0.0	fixation_cross	1	129210
252.392578125	0.0	fixation_cross	1	129225
252.41796875	0.0	fixation_cross	1	129238
252.439453125	0.0	fixation_cross	1	129249
252.478515625	0.0	fixation_cross	1	129269
252.53515625	0.0	fixation_cross	1	129298
252.576171875	0.0	fixation_cross	1	129319
252.61328125	0.0	fixation_cross	1	129338
252.638671875	0.0	fixation_cross	1	129351
252.671875	0.0	fixation_cross	1	129368
252.701171875	0.0	fixation_cross	1	129383
252.728515625	0.0	fixation_cross	1	129397
252.806640625	0.0	fixation_cross	1	129437
252.837890625	0.0	fixation_cross	1	129453
252.875	0.0	fixation_cross	1	129472
252.94140625	0.0	fixation_cross	1	129506
252.97265625	0.0	fixation_cross	1	129522
253.001953125	0.0	fixation_cross	1	129537
253.02734375	0.0	fixation_cross	1	129550
253.064453125	0.0	fixation_cross	1	129569
253.11328125	0.0	fixation_cross	1	129594
253.134765625	0.0	fixation_cross	1	129605
253.158203125	0.0	fixation_cross	1	129617
253.18359375	0.0	fixation_cross	1	129630
253.20703125	0.0	fixation_cross	1	129642
253.25	0.0	fixation_cross	1	129664
253.287109375	0.0	fixation_cross	1	129683
253.310546875	0.0	fixation_cross	1	129695
253.349609375	0.0	fixation_cross	1	129715
253.392578125	0.0	fixation_cross	1	129737
253.42578125	0.0	fixation_cross	1	129754
253.466796875	0.0	fixation_cross	1	129775
253.52734375	0.0	fixation_cross	1	129806
253.583984375	0.0	fixation_cross	1	129835
253.607421875	0.0	fixation_cross	1	129847
253.6328125	0.0	fixation_cross	1	129860
253.66015625	0.0	fixation_cross	1	129874
253.732421875	0.0	fixation_cross	1	129911
253.86328125	0.0	fixation_cross	1	129978
253.8984375	0.0	fixation_cross	1	129996
253.919921875	0.0	fixation_cross	1	130007
253.970703125	0.0	fixation_cross	1	130033
253.994140625	0.0	fixation_cross	1	130045
254.021484375	0.0	fixation_cross	1	130059
254.046875	0.0	fixation_cross	1	130072
254.068359375	0.0	fixation_cross	1	130083
254.09765625	0.0	fixation_cross	1	130098
254.12890625	0.0	fixation_cross	1	130114
254.15234375	0.0	fixation_cross	1	130126
254.173828125	0.0	fixation_cross	1	130137
254.203125	0.0	fixation_cross	1	130152
254.244140625	0.0	fixation_cross	1	130173
254.26953125	0.0	fixation_cross	1	130186
254.326171875	0.0	fixation_cross	1	130215
254.35546875	0.0	fixation_cross	1	130230
254.3828125	0.0	button_press	2	130244
254.392578125	0.0	fixation_cross	1	130249
254.453125	0.0	fixation_cross	1	130280
254.48046875	0.0	fixation_cross	1	130294
254.509765625	0.0	fixation_cross	1	130309
254.541015625	0.0	fixation_cross	1	130325
254.564453125	0.0	fixation_cross	1	130337
254.59765625	0.0	fixation_cross	1	130354
254.666015625	0.0	fixation_cross	1	130389
254.697265625	0.0	fixation_cross	1	130405
254.74609375	0.0	fixation_cross	1	130430
254.798828125	0.0	fixation_cross	1	130457
254.828125	0.0	fixation_cross	1	130472
254.8515625	0.0	fixation_cross	1	130484
254.876953125	0.0	fixation_cross	1	130497
254.900390625	0.0	fixation_cross	1	130509
254.951171875	0.0	fixation_cross	1	130535
254.98046875	0.0	fixation_cross	1	130550
255.03515625	0.0	fixation_cross	1	130578
255.072265625	0.0	fixation_cross	1	130597
255.095703125	0.0	fixation_cross	1	130609
255.154296875	0.0	fixation_cross	1	130639
255.17578125	0.0	fixation_cross	1	130650
255.21875	0.0	fixation_cross	1	130672
255.26953125	0.0	fixation_cross	1	130698
255.30078125	0.0	fixation_cross	1	130714
255.32421875	0.0	fixation_cross	1	130726
255.353515625	0.0	fixation_cross	1	130741
255.390625	0.0	fixation_cross	1	130760
255.4375	0.0	fixation_cross	1	130784
255.458984375	0.0	fixation_cross	1	130795
255.49609375	0.0	fixation_cross	1	130814
255.53125	0.0	fixation_cross	1	130832
255.556640625	0.0	fixation_cross	1	130845
255.58984375	0.0	fixation_cross	1	130862
255.62109375	0.0	fixation_cross	1	130878
255.654296875	0.0	fixation_cross	1	130895
255.7734375	0.0	fixation_cross	1	130956
255.798828125	0.0	fixation_cross	1	130969
255.828125	0.0	fixation_cross	1	130984
255.86328125	0.0	fixation_cross	1	131002
255.896484375	0.0	fixation_cross	1	131019
255.919921875	0.0	fixation_cross	1	131031
255.962890625	0.0	fixation_cross	1	131053
255.998046875	0.0	fixation_cross	1	131071
256.00390625	0.0	button_press	2	131074
256.041015625	0.0	fixation_cross	1	131093
256.068359375	0.0	fixation_cross	1	131107
256.1015625	0.0	fixation_cross	1	131124
256.125	0.0	fixation_cross	1	131136
256.15234375	0.0	fixation_cross	1	131150
256.208984375	0.0	fixation_cross	1	131179
256.232421875	0.0	fixation_cross	1	131191
256.26171875	0.0	fixation_cross	1	131206
256.287109375	0.0	fixation_cross	1	131219
256.341796875	0.0	fixation_cross	1	131247
256.37109375	0.0	fixation_cross	1	131262
256.3984375	0.0	button_press	2	131276
256.427734375	0.0	fixation_cross	1	131291
256.451171875	0.0	fixation_cross	1	131303
256.48828125	0.0	fixation_cross	1	131322
256.517578125	0.0	fixation_cross	1	131337
256.544921875	0.0	fixation_cross	1	131351
256.58984375	0.0	fixation_cross	1	131374
256.62109375	0.0	fixation_cross	1	131390
256.6484375	0.0	fixation_cross	1	131404
256.6875	0.0	fixation_cross	1	131424
256.712890625	0.0	fixation_cross	1	131437
256.7421875	0.0	fixation_cross	1	131452
256.78125	0.0	fixation_cross	1	131472
256.8046875	0.0	fixation_cross	1	131484
256.828125	0.0	fixation_cross	1	131496
256.865234375	0.0	fixation_cross	1	131515
256.900390625	0.0	fixation_cross	1	131533
256.935546875	0.0	fixation_cross	1	131551
256.96484375	0.0	fixation_cross	1	131566
256.98828125	0.0	fixation_cross	1	131578
257.015625	0.0	fixation_cross	1	131592
257.05078125	0.0	fixation_cross	1	131610
257.08203125	0.0	fixation_cross	1	131626
257.11328125	0.0	fixation_cross	1	131642
257.14453125	0.0	fixation_cross	1	131658
257.16796875	0.0	fixation_cross	1	131670
257.19140625	0.0	fixation_cross	1	131682
257.21875	0.0	fixation_cross	1	131696
257.2421875	0.0	fixation_cross	1	131708
257.287109375	0.0	fixation_cross	1	131731
257.3125	0.0	fixation_cross	1	131744
257.337890625	0.0	fixation_cross	1	131757
257.36328125	0.0	fixation_cross	1	131770
257.392578125	0.0	fixation_cross	1	131785
257.419921875	0.0	fixation_cross	1	131799
257.451171875	0.0	fixation_cross	1	131815
257.501953125	0.0	fixation_cross	1	131841
257.5390625	0.0	fixation_cross	1	131860
257.568359375	0.0	fixation_cross	1	131875
257.591796875	0.0	fixation_cross	1	131887
257.61328125	0.0	fixation_cross	1	131898
257.654296875	0.0	fixation_cross	1	131919
257.712890625	0.0	fixation_cross	1	131949
257.744140625	0.0	fixation_cross	1	131965
257.767578125	0.0	fixation_cross	1	131977
257.7890625	0.0	fixation_cross	1	131988
257.8125	0.0	fixation_cross	1	132000
257.86328125	0.0	fixation_cross	1	132026
257.89453125	0.0	fixation_cross	1	132042
257.927734375	0.0	fixation_cross	1	132059
257.970703125	0.0	fixation_cross	1	132081
257.99609375	0.0	fixation_cross	1	132094
258.021484375	0.0	fixation_cross	1	132107
258.046875	0.0	fixation_cross	1	132120
258.068359375	0.0	fixation_cross	1	132131
258.09375	0.0	fixation_cross	1	132144
258.1171875	0.0	fixation_cross	1	132156
258.146484375	0.0	fixation_cross	1	132171
258.171875	0.0	fixation_cross	1	132184
258.2109375	0.0	fixation_cross	1	132204
258.23828125	0.0	fixation_cross	1	132218
258.294921875	0.0	fixation_cross	1	132247
258.345703125	0.0	fixation_cross	1	132273
258.42578125	0.0	fixation_cross	1	132314
258.453125	0.0	fixation_cross	1	132328
258.48046875	0.0	fixation_cross	1	132342
258.5078125	0.0	fixation_cross	1	132356
258.546875	0.0	fixation_cross	1	132376
258.5703125	0.0	fixation_cross	1	132388
258.59765625	0.0	fixation_cross	1	132402
258.626953125	0.0	fixation_cross	1	132417
258.697265625	0.0	fixation_cross	1	132453
258.7421875	0.0	fixation_cross	1	132476
258.78125	0.0	fixation_cross	1	132496
258.8046875	0.0	fixation_cross	1	132508
258.828125	0.0	fixation_cross	1	132520
258.849609375	0.0	fixation_cross	1	132531
258.87109375	0.0	fixation_cross	1	132542
258.892578125	0.0	fixation_cross	1	132553
258.9140625	0.0	fixation_cross	1	132564
258.935546875	0.0	fixation_cross	1	132575
258.95703125	0.0	fixation_cross	1	132586
258.98046875	0.0	fixation_cross	1	132598
259.017578125	0.0	fixation_cross	1	132617
259.05078125	0.0	fixation_cross	1	132634
259.0859375	0.0	fixation_cross	1	132652
259.107421875	0.0	fixation_cross	1	132663
259.134765625	0.0	fixation_cross	1	132677
259.16015625	0.0	fixation_cross	1	132690
259.21484375	0.0	fixation_cross	1	132718
259.236328125	0.0	fixation_cross	1	132729
259.291015625	0.0	fixation_cross	1	132757
259.390625	0.0	fixation_cross	1	132808
259.4140625	0.0	fixation_cross	1	132820
259.447265625	0.0	fixation_cross	1	132837
259.478515625	0.0	fixation_cross	1	132853
259.5	0.0	fixation_cross	1	132864
259.55078125	0.0	fixation_cross	1	132890
259.580078125	0.0	fixation_cross	1	132905
259.630859375	0.0	fixation_cross	1	132931
259.66015625	0.0	fixation_cross	1	132946
259.689453125	0.0	fixation_cross	1	132961
259.728515625	0.0	fixation_cross	1	132981
259.75390625	0.0	fixation_cross	1	132994
259.7890625	0.0	fixation_cross	1	133012
259.818359375	0.0	fixation_cross	1	133027
259.83984375	0.0	fixation_cross	1	133038
259.87890625	0.0	fixation_cross	1	133058
259.904296875	0.0	fixation_cross	1	133071
259.93359375	0.0	fixation_cross	1	133086
259.96484375	0.0	fixation_cross	1	133102
260.015625	0.0	fixation_cross	1	133128
260.046875	0.0	fixation_cross	1	133144
260.068359375	0.0	fixation_cross	1	133155
260.103515625	0.0	fixation_cross	1	133173
260.15234375	0.0	fixation_cross	1	133198
260.19921875	0.0	fixation_cross	1	133222
260.2421875	0.0	fixation_cross	1	133244
260.28125	0.0	fixation_cross	1	133264
260.306640625	0.0	fixation_cross	1	133277
260.33984375	0.0	fixation_cross	1	133294
260.36328125	0.0	fixation_cross	1	133306
260.392578125	0.0	fixation_cross	1	133321
260.431640625	0.0	fixation_cross	1	133341
260.466796875	0.0	fixation_cross	1	133359
260.494140625	0.0	fixation_cross	1	133373
260.517578125	0.0	fixation_cross	1	133385
260.546875	0.0	fixation_cross	1	133400
260.595703125	0.0	fixation_cross	1	133425
260.6328125	0.0	fixation_cross	1	133444
260.66015625	0.0	fixation_cross	1	133458
260.681640625	0.0	fixation_cross	1	133469
260.7109375	0.0	fixation_cross	1	133484
260.765625	0.0	fixation_cross	1	133512
260.806640625	0.0	fixation_cross	1	133533
260.83203125	0.0	fixation_cross	1	133546
260.85546875	0.0	fixation_cross	1	133558
260.876953125	0.0	fixation_cross	1	133569
260.900390625	0.0	fixation_cross	1	133581
260.93359375	0.0	fixation_cross	1	133598
260.9609375	0.0	fixation_cross	1	133612
261.001953125	0.0	fixation_cross	1	133633
261.02734375	0.0	fixation_cross	1	133646
261.052734375	0.0	fixation_cross	1	133659
261.1171875	0.0	fixation_cross	1	133692
261.146484375	0.0	fixation_cross	1	133707
261.16796875	0.0	fixation_cross	1	133718
261.193359375	0.0	fixation_cross	1	133731
261.21484375	0.0	fixation_cross	1	133742
261.236328125	0.0	fixation_cross	1	133753
261.26171875	0.0	fixation_cross	1	133766
261.30078125	0.0	fixation_cross	1	133786
261.32421875	0.0	fixation_cross	1	133798
261.345703125	0.0	fixation_cross	1	133809
261.376953125	0.0	fixation_cross	1	133825
261.4140625	0.0	fixation_cross	1	133844
261.46875	0.0	fixation_cross	1	133872
261.5	0.0	fixation_cross	1	133888
261.529296875	0.0	fixation_cross	1	133903
261.560546875	0.0	fixation_cross	1	133919
261.587890625	0.0	fixation_cross	1	133933
261.61328125	0.0	fixation_cross	1	133946
261.66796875	0.0	fixation_cross	1	133974
261.689453125	0.0	fixation_cross	1	133985
261.7109375	0.0	fixation_cross	1	133996
261.7578125	0.0	fixation_cross	1	134020
261.8046875	0.0	fixation_cross	1	134044
261.88671875	0.0	fixation_cross	1	134086
261.91796875	0.0	fixation_cross	1	134102
261.9453125	0.0	fixation_cross	1	134116
261.982421875	0.0	fixation_cross	1	134135
262.0078125	0.0	fixation_cross	1	134148
262.068359375	0.0	fixation_cross	1	134179
262.1015625	0.0	fixation_cross	1	134196
262.1328125	0.0	fixation_cross	1	134212
262.171875	0.0	fixation_cross	1	134232
262.220703125	0.0	fixation_cross	1	134257
262.2734375	0.0	fixation_cross	1	134284
262.30078125	0.0	fixation_cross	1	134298
262.330078125	0.0	fixation_cross	1	134313
262.3515625	0.0	fixation_cross	1	134324
262.388671875	0.0	fixation_cross	1	134343
262.447265625	0.0	fixation_cross	1	134373
262.47265625	0.0	fixation_cross	1	134386
262.517578125	0.0	fixation_cross	1	134409
262.541015625	0.0	fixation_cross	1	134421
262.583984375	0.0	fixation_cross	1	134443
262.61328125	0.0	fixation_cross	1	134458
262.66015625	0.0	fixation_cross	1	134482
262.681640625	0.0	fixation_cross	1	134493
262.70703125	0.0	fixation_cross	1	134506
262.759765625	0.0	fixation_cross	1	134533
262.810546875	0.0	fixation_cross	1	134559
262.837890625	0.0	fixation_cross	1	134573
262.87109375	0.0	fixation_cross	1	134590
262.896484375	0.0	fixation_cross	1	134603
262.921875	0.0	fixation_cross	1	134616
262.99609375	0.0	fixation_cross	1	134654
263.021484375	0.0	fixation_cross	1	134667
263.0546875	0.0	fixation_cross	1	134684
263.115234375	0.0	fixation_cross	1	134715
263.13671875	0.0	fixation_cross	1	134726
263.158203125	0.0	fixation_cross	1	134737
263.193359375	0.0	fixation_cross	1	134755
263.21484375	0.0	fixation_cross	1	134766
263.255859375	0.0	fixation_cross	1	134787
263.2890625	0.0	fixation_cross	1	134804
263.326171875	0.0	fixation_cross	1	134823
263.36328125	0.0	fixation_cross	1	134842
263.40625	0.0	fixation_cross	1	134864
263.431640625	0.0	fixation_cross	1	134877
263.453125	0.0	fixation_cross	1	134888
263.49609375	0.0	fixation_cross	1	134910
263.5234375	0.0	fixation_cross	1	134924
263.5625	0.0	fixation_cross	1	134944
263.5859375	0.0	fixation_cross	1	134956
263.666015625	0.0	fixation_cross	1	134997
263.689453125	0.0	fixation_cross	1	135009
263.7265625	0.0	fixation_cross	1	135028
263.751953125	0.0	fixation_cross	1	135041
263.7734375	0.0	fixation_cross	1	135052
263.826171875	0.0	fixation_cross	1	135079
263.876953125	0.0	fixation_cross	1	135105
263.90625	0.0	fixation_cross	1	135120
263.93359375	0.0	fixation_cross	1	135134
263.984375	0.0	fixation_cross	1	135160
264.046875	0.0	fixation_cross	1	135192
264.07421875	0.0	fixation_cross	1	135206
264.095703125	0.0	fixation_cross	1	135217
264.12109375	0.0	fixation_cross	1	135230
264.142578125	0.0	fixation_cross	1	135241
264.166015625	0.0	fixation_cross	1	135253
264.19140625	0.0	fixation_cross	1	135266
264.2421875	0.0	fixation_cross	1	135292
264.263671875	0.0	fixation_cross	1	135303
264.291015625	0.0	fixation_cross	1	135317
264.31640625	0.0	fixation_cross	1	135330
264.3515625	0.0	fixation_cross	1	135348
264.390625	0.0	fixation_cross	1	135368
264.416015625	0.0	fixation_cross	1	135381
264.439453125	0.0	fixation_cross	1	135393
264.462890625	0.0	fixation_cross	1	135405
264.560546875	0.0	fixation_cross	1	135455
264.58984375	0.0	fixation_cross	1	135470
264.61328125	0.0	fixation_cross	1	135482
264.681640625	0.0	fixation_cross	1	135517
264.724609375	0.0	fixation_cross	1	135539
264.75	0.0	fixation_cross	1	135552
264.7734375	0.0	fixation_cross	1	135564
264.794921875	0.0	fixation_cross	1	135575
264.822265625	0.0	fixation_cross	1	135589
264.845703125	0.0	fixation_cross	1	135601
264.8828125	0.0	fixation_cross	1	135620
264.912109375	0.0	fixation_cross	1	135635
264.93359375	0.0	fixation_cross	1	135646
264.98046875	0.0	fixation_cross	1	135670
265.017578125	0.0	fixation_cross	1	135689
265.0546875	0.0	fixation_cross	1	135708
265.095703125	0.0	fixation_cross	1	135729
265.12109375	0.0	fixation_cross	1	135742
265.146484375	0.0	fixation_cross	1	135755
265.177734375	0.0	fixation_cross	1	135771
265.220703125	0.0	fixation_cross	1	135793
265.267578125	0.0	fixation_cross	1	135817
265.32421875	0.0	fixation_cross	1	135846
265.3515625	0.0	fixation_cross	1	135860
265.390625	0.0	fixation_cross	1	135880
265.42578125	0.0	fixation_cross	1	135898
265.470703125	0.0	fixation_cross	1	135921
265.494140625	0.0	fixation_cross	1	135933
265.517578125	0.0	fixation_cross	1	135945
265.541015625	0.0	fixation_cross	1	135957
265.5625	0.0	fixation_cross	1	135968
265.607421875	0.0	fixation_cross	1	135991
265.6484375	0.0	fixation_cross	1	136012
265.6796875	0.0	fixation_cross	1	136028
265.70703125	0.0	fixation_cross	1	136042
265.7578125	0.0	fixation_cross	1	136068
265.783203125	0.0	fixation_cross	1	136081
265.853515625	0.0	fixation_cross	1	136117
265.876953125	0.0	fixation_cross	1	136129
265.935546875	0.0	fixation_cross	1	136159
265.9609375	0.0	fixation_cross	1	136172
265.994140625	0.0	fixation_cross	1	136189
266.015625	0.0	fixation_cross	1	136200
266.046875	0.0	fixation_cross	1	136216
266.072265625	0.0	fixation_cross	1	136229
266.095703125	0.0	fixation_cross	1	136241
266.119140625	0.0	fixation_cross	1	136253
266.142578125	0.0	fixation_cross	1	136265
266.173828125	0.0	fixation_cross	1	136281
266.21875	0.0	fixation_cross	1	136304
266.259765625	0.0	fixation_cross	1	136325
266.3125	0.0	fixation_cross	1	136352
266.337890625	0.0	fixation_cross	1	136365
266.359375	0.0	fixation_cross	1	136376
266.390625	0.0	fixation_cross	1	136392
266.416015625	0.0	fixation_cross	1	136405
266.458984375	0.0	fixation_cross	1	136427
266.486328125	0.0	fixation_cross	1	136441
266.51171875	0.0	fixation_cross	1	136454
266.541015625	0.0	fixation_cross	1	136469
266.572265625	0.0	fixation_cross	1	136485
266.595703125	0.0	fixation_cross	1	136497
266.62109375	0.0	fixation_cross	1	136510
266.6484375	0.0	fixation_cross	1	136524
266.677734375	0.0	fixation_cross	1	136539
266.71484375	0.0	fixation_cross	1	136558
266.736328125	0.0	fixation_cross	1	136569
266.76171875	0.0	fixation_cross	1	136582
266.791015625	0.0	fixation_cross	1	136597
266.82421875	0.0	fixation_cross	1	136614
266.849609375	0.0	fixation_cross	1	136627
266.87109375	0.0	fixation_cross	1	136638
266.892578125	0.0	fixation_cross	1	136649
266.931640625	0.0	fixation_cross	1	136669
266.95703125	0.0	fixation_cross	1	136682
267.015625	0.0	fixation_cross	1	136712
267.044921875	0.0	fixation_cross	1	136727
267.068359375	0.0	fixation_cross	1	136739
267.095703125	0.0	fixation_cross	1	136753
267.12109375	0.0	fixation_cross	1	136766
267.146484375	0.0	fixation_cross	1	136779
267.16796875	0.0	fixation_cross	1	136790
267.19921875	0.0	fixation_cross	1	136806
267.220703125	0.0	fixation_cross	1	136817
267.251953125	0.0	fixation_cross	1	136833
267.275390625	0.0	fixation_cross	1	136845
267.314453125	0.0	fixation_cross	1	136865
267.3359375	0.0	fixation_cross	1	136876
267.36328125	0.0	fixation_cross	1	136890
267.39453125	0.0	fixation_cross	1	136906
267.435546875	0.0	fixation_cross	1	136927
267.48046875	0.0	fixation_cross	1	136950
267.509765625	0.0	fixation_cross	1	136965
267.55078125	0.0	fixation_cross	1	136986
267.580078125	0.0	fixation_cross	1	137001
267.607421875	0.0	fixation_cross	1	137015
267.62890625	0.0	fixation_cross	1	137026
267.65234375	0.0	fixation_cross	1	137038
267.689453125	0.0	fixation_cross	1	137057
267.7265625	0.0	fixation_cross	1	137076
267.763671875	0.0	fixation_cross	1	137095
267.787109375	0.0	fixation_cross	1	137107
267.80859375	0.0	fixation_cross	1	137118
267.83203125	0.0	fixation_cross	1	137130
267.861328125	0.0	fixation_cross	1	137145
267.888671875	0.0	fixation_cross	1	137159
267.921875	0.0	fixation_cross	1	137176
267.94921875	0.0	fixation_cross	1	137190
267.98046875	0.0	fixation_cross	1	137206
268.015625	0.0	fixation_cross	1	137224
268.05078125	0.0	fixation_cross	1	137242
268.07421875	0.0	fixation_cross	1	137254
268.10546875	0.0	fixation_cross	1	137270
268.12890625	0.0	fixation_cross	1	137282
268.15625	0.0	fixation_cross	1	137296
268.19140625	0.0	fixation_cross	1	137314
268.220703125	0.0	fixation_cross	1	137329
268.24609375	0.0	fixation_cross	1	137342
268.28125	0.0	fixation_cross	1	137360
268.33984375	0.0	fixation_cross	1	137390
268.36328125	0.0	fixation_cross	1	137402
268.416015625	0.0	fixation_cross	1	137429
268.443359375	0.0	fixation_cross	1	137443
268.48828125	0.0	fixation_cross	1	137466
268.5234375	0.0	fixation_cross	1	137484
268.5546875	0.0	fixation_cross	1	137500
268.583984375	0.0	fixation_cross	1	137515
268.61328125	0.0	fixation_cross	1	137530
268.65234375	0.0	fixation_cross	1	137550
268.685546875	0.0	fixation_cross	1	137567
268.712890625	0.0	fixation_cross	1	137581
268.734375	0.0	fixation_cross	1	137592
268.7578125	0.0	fixation_cross	1	137604
268.783203125	0.0	fixation_cross	1	137617
268.8046875	0.0	fixation_cross	1	137628
268.837890625	0.0	fixation_cross	1	137645
268.861328125	0.0	fixation_cross	1	137657
268.884765625	0.0	fixation_cross	1	137669
268.908203125	0.0	fixation_cross	1	137681
268.94140625	0.0	fixation_cross	1	137698
268.970703125	0.0	fixation_cross	1	137713
269.015625	0.0	fixation_cross	1	137736
269.052734375	0.0	fixation_cross	1	137755
269.078125	0.0	fixation_cross	1	137768
269.103515625	0.0	fixation_cross	1	137781
269.130859375	0.0	fixation_cross	1	137795
269.15234375	0.0	fixation_cross	1	137806
269.177734375	0.0	fixation_cross	1	137819
269.205078125	0.0	fixation_cross	1	137833
269.244140625	0.0	fixation_cross	1	137853
269.28515625	0.0	fixation_cross	1	137874
269.349609375	0.0	fixation_cross	1	137907
269.388671875	0.0	fixation_cross	1	137927
269.419921875	0.0	fixation_cross	1	137943
269.458984375	0.0	fixation_cross	1	137963
269.521484375	0.0	button_press	2	137995
269.52734375	0.0	fixation_cross	1	137998
269.5546875	0.0	fixation_cross	1	138012
269.580078125	0.0	fixation_cross	1	138025
269.6015625	0.0	fixation_cross	1	138036
269.623046875	0.0	fixation_cross	1	138047
269.671875	0.0	fixation_cross	1	138072
269.6953125	0.0	fixation_cross	1	138084
269.724609375	0.0	fixation_cross	1	138099
269.75390625	0.0	fixation_cross	1	138114
269.7890625	0.0	fixation_cross	1	138132
269.828125	0.0	fixation_cross	1	138152
269.876953125	0.0	fixation_cross	1	138177
269.908203125	0.0	fixation_cross	1	138193
269.935546875	0.0	fixation_cross	1	138207
269.966796875	0.0	fixation_cross	1	138223
270.015625	0.0	fixation_cross	1	138248
270.046875	0.0	fixation_cross	1	138264
270.091796875	0.0	fixation_cross	1	138287
270.11328125	0.0	fixation_cross	1	138298
270.154296875	0.0	fixation_cross	1	138319
270.19140625	0.0	fixation_cross	1	138338
270.212890625	0.0	fixation_cross	1	138349
270.236328125	0.0	fixation_cross	1	138361
270.271484375	0.0	fixation_cross	1	138379
270.30078125	0.0	fixation_cross	1	138394
270.326171875	0.0	fixation_cross	1	138407
270.34765625	0.0	fixation_cross	1	138418
270.40234375	0.0	fixation_cross	1	138446
270.42578125	0.0	fixation_cross	1	138458
270.44921875	0.0	fixation_cross	1	138470
270.48046875	0.0	fixation_cross	1	138486
270.51171875	0.0	fixation_cross	1	138502
270.5390625	0.0	fixation_cross	1	138516
270.5625	0.0	fixation_cross	1	138528
270.583984375	0.0	fixation_cross	1	138539
270.60546875	0.0	fixation_cross	1	138550
270.63671875	0.0	fixation_cross	1	138566
270.66015625	0.0	fixation_cross	1	138578
270.689453125	0.0	fixation_cross	1	138593
270.712890625	0.0	fixation_cross	1	138605
270.7578125	0.0	fixation_cross	1	138628
270.78125	0.0	fixation_cross	1	138640
270.80859375	0.0	fixation_cross	1	138654
270.849609375	0.0	fixation_cross	1	138675
270.875	0.0	fixation_cross	1	138688
270.900390625	0.0	fixation_cross	1	138701
270.935546875	0.0	fixation_cross	1	138719
270.95703125	0.0	fixation_cross	1	138730
270.98046875	0.0	fixation_cross	1	138742
271.017578125	0.0	fixation_cross	1	138761
271.041015625	0.0	fixation_cross	1	138773
271.072265625	0.0	fixation_cross	1	138789
271.1171875	0.0	fixation_cross	1	138812
271.158203125	0.0	fixation_cross	1	138833
271.18359375	0.0	fixation_cross	1	138846
271.224609375	0.0	fixation_cross	1	138867
271.248046875	0.0	fixation_cross	1	138879
271.28515625	0.0	fixation_cross	1	138898
271.337890625	0.0	fixation_cross	1	138925
271.361328125	0.0	fixation_cross	1	138937
271.390625	0.0	fixation_cross	1	138952
271.412109375	0.0	fixation_cross	1	138963
271.44140625	0.0	fixation_cross	1	138978
271.470703125	0.0	fixation_cross	1	138993
271.5	0.0	fixation_cross	1	139008
271.52734375	0.0	fixation_cross	1	139022
271.564453125	0.0	fixation_cross	1	139041
271.595703125	0.0	fixation_cross	1	139057
271.62890625	0.0	fixation_cross	1	139074
271.673828125	0.0	fixation_cross	1	139097
271.712890625	0.0	fixation_cross	1	139117
271.7421875	0.0	fixation_cross	1	139132
271.765625	0.0	fixation_cross	1	139144
271.802734375	0.0	fixation_cross	1	139163
271.828125	0.0	fixation_cross	1	139176
271.85546875	0.0	fixation_cross	1	139190
271.876953125	0.0	fixation_cross	1	139201
271.92578125	0.0	fixation_cross	1	139226
271.955078125	0.0	fixation_cross	1	139241
271.978515625	0.0	fixation_cross	1	139253
272.037109375	0.0	fixation_cross	1	139283
272.064453125	0.0	fixation_cross	1	139297
272.0859375	0.0	fixation_cross	1	139308
272.11328125	0.0	fixation_cross	1	139322
272.14453125	0.0	fixation_cross	1	139338
272.177734375	0.0	fixation_cross	1	139355
272.20703125	0.0	fixation_cross	1	139370
272.23046875	0.0	fixation_cross	1	139382
272.25390625	0.0	fixation_cross	1	139394
272.294921875	0.0	fixation_cross	1	139415
272.330078125	0.0	fixation_cross	1	139433
272.353515625	0.0	fixation_cross	1	139445
272.380859375	0.0	fixation_cross	1	139459
272.416015625	0.0	fixation_cross	1	139477
272.455078125	0.0	fixation_cross	1	139497
272.49609375	0.0	fixation_cross	1	139518
272.548828125	0.0	fixation_cross	1	139545
272.583984375	0.0	fixation_cross	1	139563
272.61328125	0.0	fixation_cross	1	139578
272.646484375	0.0	fixation_cross	1	139595
272.671875	0.0	fixation_cross	1	139608
272.693359375	0.0	fixation_cross	1	139619
272.71875	0.0	fixation_cross	1	139632
272.748046875	0.0	fixation_cross	1	139647
272.7734375	0.0	fixation_cross	1	139660
272.80859375	0.0	fixation_cross	1	139678
272.8359375	0.0	fixation_cross	1	139692
272.876953125	0.0	fixation_cross	1	139713
272.8984375	0.0	fixation_cross	1	139724
272.931640625	0.0	fixation_cross	1	139741
272.9609375	0.0	fixation_cross	1	139756
272.990234375	0.0	fixation_cross	1	139771
273.0390625	0.0	fixation_cross	1	139796
273.06640625	0.0	fixation_cross	1	139810
273.09375	0.0	fixation_cross	1	139824
273.119140625	0.0	fixation_cross	1	139837
273.146484375	0.0	fixation_cross	1	139851
273.17578125	0.0	fixation_cross	1	139866
273.208984375	0.0	fixation_cross	1	139883
273.267578125	0.0	fixation_cross	1	139913
273.3515625	0.0	fixation_cross	1	139956
273.390625	0.0	fixation_cross	1	139976
273.412109375	0.0	fixation_cross	1	139987
273.43359375	0.0	fixation_cross	1	139998
273.458984375	0.0	fixation_cross	1	140011
273.498046875	0.0	fixation_cross	1	140031
273.54296875	0.0	fixation_cross	1	140054
273.5703125	0.0	fixation_cross	1	140068
273.595703125	0.0	fixation_cross	1	140081
273.630859375	0.0	fixation_cross	1	140099
273.654296875	0.0	fixation_cross	1	140111
273.681640625	0.0	fixation_cross	1	140125
273.712890625	0.0	fixation_cross	1	140141
273.736328125	0.0	fixation_cross	1	140153
273.759765625	0.0	fixation_cross	1	140165
273.80078125	0.0	fixation_cross	1	140186
273.84765625	0.0	fixation_cross	1	140210
273.873046875	0.0	fixation_cross	1	140223
273.90625	0.0	fixation_cross	1	140240
273.931640625	0.0	fixation_cross	1	140253
273.953125	0.0	fixation_cross	1	140264
273.974609375	0.0	fixation_cross	1	140275
273.99609375	0.0	fixation_cross	1	140286
274.021484375	0.0	fixation_cross	1	140299
274.046875	0.0	fixation_cross	1	140312
274.076171875	0.0	fixation_cross	1	140327
274.103515625	0.0	fixation_cross	1	140341
274.130859375	0.0	fixation_cross	1	140355
274.158203125	0.0	fixation_cross	1	140369
274.1796875	0.0	fixation_cross	1	140380
274.205078125	0.0	fixation_cross	1	140393
274.2265625	0.0	fixation_cross	1	140404
274.26171875	0.0	fixation_cross	1	140422
274.32421875	0.0	fixation_cross	1	140454
274.36328125	0.0	fixation_cross	1	140474
274.390625	0.0	fixation_cross	1	140488
274.423828125	0.0	fixation_cross	1	140505
274.458984375	0.0	fixation_cross	1	140523
274.48046875	0.0	fixation_cross	1	140534
274.501953125	0.0	fixation_cross	1	140545
274.5234375	0.0	fixation_cross	1	140556
274.556640625	0.0	fixation_cross	1	140573
274.591796875	0.0	fixation_cross	1	140591
274.61328125	0.0	fixation_cross	1	140602
274.6484375	0.0	fixation_cross	1	140620
274.69140625	0.0	fixation_cross	1	140642
274.71484375	0.0	fixation_cross	1	140654
274.7421875	0.0	fixation_cross	1	140668
274.771484375	0.0	fixation_cross	1	140683
274.796875	0.0	fixation_cross	1	140696
274.86328125	0.0	fixation_cross	1	140730
274.88671875	0.0	fixation_cross	1	140742
274.912109375	0.0	fixation_cross	1	140755
274.935546875	0.0	fixation_cross	1	140767
274.9609375	0.0	fixation_cross	1	140780
275.015625	0.0	fixation_cross	1	140808
275.041015625	0.0	fixation_cross	1	140821
275.068359375	0.0	fixation_cross	1	140835
275.095703125	0.0	fixation_cross	1	140849
275.12109375	0.0	fixation_cross	1	140862
275.14453125	0.0	fixation_cross	1	140874
275.166015625	0.0	fixation_cross	1	140885
275.189453125	0.0	fixation_cross	1	140897
275.21875	0.0	fixation_cross	1	140912
275.248046875	0.0	fixation_cross	1	140927
275.287109375	0.0	fixation_cross	1	140947
275.326171875	0.0	fixation_cross	1	140967
275.3515625	0.0	fixation_cross	1	140980
275.376953125	0.0	fixation_cross	1	140993
275.4140625	0.0	fixation_cross	1	141012
275.451171875	0.0	fixation_cross	1	141031
275.48828125	0.0	fixation_cross	1	141050
275.51953125	0.0	button_press	2	141066
275.525390625	0.0	fixation_cross	1	141069
275.546875	0.0	fixation_cross	1	141080
275.58203125	0.0	fixation_cross	1	141098
275.619140625	0.0	fixation_cross	1	141117
275.64453125	0.0	fixation_cross	1	141130
275.671875	0.0	fixation_cross	1	141144
275.71875	0.0	fixation_cross	1	141168
275.7421875	0.0	fixation_cross	1	141180
275.767578125	0.0	fixation_cross	1	141193
275.7890625	0.0	fixation_cross	1	141204
275.828125	0.0	fixation_cross	1	141224
275.849609375	0.0	fixation_cross	1	141235
275.873046875	0.0	fixation_cross	1	141247
275.900390625	0.0	fixation_cross	1	141261
275.9296875	0.0	fixation_cross	1	141276
275.9609375	0.0	fixation_cross	1	141292
275.990234375	0.0	fixation_cross	1	141307
276.03125	0.0	fixation_cross	1	141328
276.06640625	0.0	fixation_cross	1	141346
276.119140625	0.0	fixation_cross	1	141373
276.14453125	0.0	fixation_cross	1	141386
276.17578125	0.0	fixation_cross	1	141402
276.205078125	0.0	fixation_cross	1	141417
276.23046875	0.0	fixation_cross	1	141430
276.263671875	0.0	fixation_cross	1	141447
276.298828125	0.0	fixation_cross	1	141465
276.341796875	0.0	fixation_cross	1	141487
276.36328125	0.0	fixation_cross	1	141498
276.392578125	0.0	fixation_cross	1	141513
276.419921875	0.0	fixation_cross	1	141527
276.4453125	0.0	fixation_cross	1	141540
276.474609375	0.0	fixation_cross	1	141555
276.498046875	0.0	fixation_cross	1	141567
276.52734375	0.0	fixation_cross	1	141582
276.57421875	0.0	fixation_cross	1	141606
276.61328125	0.0	fixation_cross	1	141626
276.63671875	0.0	fixation_cross	1	141638
276.669921875	0.0	fixation_cross	1	141655
276.693359375	0.0	fixation_cross	1	141667
276.724609375	0.0	fixation_cross	1	141683
276.74609375	0.0	fixation_cross	1	141694
276.78125	0.0	fixation_cross	1	141712
276.80859375	0.0	fixation_cross	1	141726
276.845703125	0.0	fixation_cross	1	141745
276.876953125	0.0	fixation_cross	1	141761
276.90625	0.0	fixation_cross	1	141776
276.9609375	0.0	fixation_cross	1	141804
276.984375	0.0	fixation_cross	1	141816
277.005859375	0.0	fixation_cross	1	141827
277.02734375	0.0	fixation_cross	1	141838
277.052734375	0.0	fixation_cross	1	141851
277.07421875	0.0	fixation_cross	1	141862
277.095703125	0.0	fixation_cross	1	141873
277.130859375	0.0	fixation_cross	1	141891
277.154296875	0.0	fixation_cross	1	141903
277.181640625	0.0	fixation_cross	1	141917
277.208984375	0.0	fixation_cross	1	141931
277.236328125	0.0	fixation_cross	1	141945
277.263671875	0.0	fixation_cross	1	141959
277.28515625	0.0	fixation_cross	1	141970
277.30859375	0.0	fixation_cross	1	141982
277.341796875	0.0	fixation_cross	1	141999
277.376953125	0.0	fixation_cross	1	142017
277.412109375	0.0	fixation_cross	1	142035
277.451171875	0.0	fixation_cross	1	142055
277.4921875	0.0	fixation_cross	1	142076
277.517578125	0.0	fixation_cross	1	142089
277.544921875	0.0	fixation_cross	1	142103
277.57421875	0.0	fixation_cross	1	142118
277.59765625	0.0	fixation_cross	1	142130
277.6640625	0.0	fixation_cross	1	142164
277.693359375	0.0	fixation_cross	1	142179
277.716796875	0.0	fixation_cross	1	142191
277.740234375	0.0	fixation_cross	1	142203
277.76171875	0.0	fixation_cross	1	142214
277.79296875	0.0	fixation_cross	1	142230
277.828125	0.0	fixation_cross	1	142248
277.853515625	0.0	fixation_cross	1	142261
277.876953125	0.0	fixation_cross	1	142273
277.8984375	0.0	fixation_cross	1	142284
277.94140625	0.0	fixation_cross	1	142306
277.96875	0.0	fixation_cross	1	142320
277.994140625	0.0	fixation_cross	1	142333
278.015625	0.0	fixation_cross	1	142344
278.041015625	0.0	fixation_cross	1	142357
278.064453125	0.0	fixation_cross	1	142369
278.115234375	0.0	fixation_cross	1	142395
278.140625	0.0	fixation_cross	1	142408
